source_case,plane,x_mm,y_mm,z_mm,V_V,Ex_V_per_m,Ey_V_per_m,Ez_V_per_m,E_V_per_m,Eperp_V_per_m,U_mu_eV,electrode,rho_mm
transport_highfield_10_v2,y=0_xz,-24.362316534499666,-2.220446049250313e-16,384.5756939895005,7372.388535107572,229128.91256040812,-20345.759558229292,84775.25561407187,270585.00898311206,238097.44917582217,-7372.388595847148,V3,24.362316534499666
transport_highfield_10_v2,y=0_xz,-24.711183314161033,-1.1102230246251565e-16,383.8738341615824,7739.881236055875,277473.57998286595,-7850.440070646725,113498.11695078586,308241.84090694477,279589.13056187326,-7739.881299823146,V3,24.711183314161033
transport_highfield_10_v2,y=0_xz,-24.711183314161033,-1.1102230246251565e-16,383.614332962661,7739.881236055875,277290.59249918273,-20530.747703190784,125429.91090504103,325171.18056455115,280744.4804893941,-7739.881299823146,V3,24.711183314161033
transport_highfield_10_v2,y=0_xz,-24.515131415776963,1.6653345369377348e-16,383.26161574947713,7534.866026653386,290707.9148352674,-14071.864644955562,82665.5752084154,333721.80508517765,292192.3593768766,-7534.86608873158,V3,24.515131415776963
transport_highfield_10_v2,y=0_xz,24.341306505111362,4.440892098500626e-16,550.0438544994586,678.0574362138249,-16522.27699646601,-5.337086099632605,18856.798393605528,26501.556896145292,16792.086336963654,-678.0574418001988,V4,24.341306505111362
transport_highfield_10_v2,y=0_xz,24.725540846735992,-2.220446049250313e-16,549.0385922589611,705.9954190118737,-19027.805507948957,1951.443508020012,17436.122271481523,30173.65764721463,19450.48256035146,-705.9954248284231,V4,24.725540846735992
transport_highfield_10_v2,y=0_xz,-24.53531811555768,-2.220446049250313e-16,550.2382319293355,680.664058153631,17364.883278224115,559.7144449188133,21161.8037330939,27611.44289608644,17697.41878648455,-680.6640637614806,V4,24.53531811555768
transport_highfield_10_v2,y=0_xz,-20.377031286103616,0.0,550.0457717656182,623.535833532211,13457.490071123935,24.64128098853889,12432.623983591573,18497.838442088796,13570.08601557153,-623.5358386693929,V4,20.377031286103616
transport_highfield_10_v2,y=0_xz,-17.06974906853559,-4.440892098500626e-16,550.4929275339047,573.6694425614061,8833.614406796834,36.392786015906694,8945.90656888257,12805.751049851548,8984.008845482194,-573.6694472877493,V4,17.06974906853559
transport_highfield_10_v2,y=0_xz,-24.356070356492154,-2.220446049250313e-16,545.316286823226,735.6427873844818,28228.808684340212,-148.1060498567811,-876.0559453912114,28795.48231201363,28580.06679777551,-735.6427934452897,V4,24.356070356492154
transport_highfield_10_v2,y=0_xz,-23.87456920522768,0.0,547.6845052911813,689.5502024341778,22818.278275038967,-886.4742067420383,8758.663832228198,26897.067532843124,23147.70626751759,-689.5502081152388,V4,23.87456920522768
transport_highfield_10_v2,y=0_xz,22.5298995479656,0.0,545.2035407550302,674.163134677228,-21732.481071422237,-320.3358722759232,-977.2681149815824,22670.991879850462,21846.07075230762,-674.1631402315178,V4,22.5298995479656
transport_highfield_10_v2,y=0_xz,22.99172811917217,1.6653345369377348e-16,544.96611516759,684.3143272904692,-23324.91104514178,1585.4051497589148,-2818.043092420833,24617.32316276857,23488.09479252587,-684.3143329283926,V4,22.99172811917217
transport_highfield_10_v2,y=0_xz,23.187269389150913,-5.551115123125783e-17,544.7062032216144,695.480508543194,-24602.93213664752,155.0960358113522,-611.9368950706438,25289.463276082195,24774.522463111833,-695.480514273113,V4,23.187269389150913
transport_highfield_10_v2,y=0_xz,22.82334850732171,1.1102230246251565e-16,544.6298176442,683.8135105455484,-23644.094499849318,168.8876025856824,-3196.9703628468937,24075.9817470017,23691.391845453927,-683.8135161793456,V4,22.82334850732171
transport_highfield_10_v2,y=0_xz,23.793242908173045,-5.551115123125783e-17,544.1145444630298,699.9543332629081,-27480.9878313016,-466.7635993848183,-5662.98024125438,31611.540149101365,27640.881491028453,-699.9543390296863,V4,23.793242908173045
transport_highfield_10_v2,y=0_xz,22.964571204926266,5.551115123125783e-17,544.3821674306662,681.6131779736264,-26659.297513646317,-980.1887923357958,-1941.5618256083671,28067.1951108097,26825.127600329866,-681.6131835892955,V4,22.964571204926266
transport_highfield_10_v2,y=0_xz,16.633876964666484,0.0,548.0345235982586,576.1986498161574,-9934.89485535757,-37.501570307239184,4531.331587849561,12504.144761935335,10136.12936554131,-576.1986545633382,V4,16.633876964666484
transport_highfield_10_v2,y=0_xz,13.269176777690236,2.220446049250313e-16,546.9648774989275,561.2502882457386,-7667.234620589125,45.860790552900696,1506.6983737339483,8240.683846109618,7823.826562656529,-561.250292869763,V4,13.269176777690236
transport_highfield_10_v2,y=0_xz,15.188972261238577,-2.220446049250313e-16,545.9254723643692,577.3662162857166,-9186.80338410771,127.54637351201953,691.6258392242463,9465.470534729371,9349.0902690514,-577.3662210425168,V4,15.188972261238577
transport_highfield_10_v2,y=0_xz,22.37503980067749,-1.1102230246251565e-16,544.708377789042,676.705546437186,-19585.977041803882,136.9532940220078,-2726.572773211603,19952.867368877454,19613.392397973672,-676.7055520124221,V4,22.37503980067749
transport_highfield_10_v2,y=0_xz,-15.611728807019986,0.0,549.1889421985229,572.3374235320953,8770.818365381478,128.20917461262758,5738.148519756638,11009.999013478844,9105.086175572711,-572.3374282474642,V4,15.611728807019986
transport_highfield_10_v2,y=0_xz,-23.13523280240593,0.0,544.6752033646452,694.8365669485099,21235.97699010905,-766.2318769112683,-2320.851734343214,22474.168023051177,21550.010705205277,-694.8365726731239,V4,23.13523280240593
transport_highfield_10_v2,y=0_xz,-12.998589209721372,2.220446049250313e-16,543.9898074797661,560.7194920802035,7276.1727601668,-9.501701358537138,-2748.5250077614655,8018.598708403396,7369.489643279072,-560.7194966998547,V4,12.998589209721372
transport_highfield_10_v2,y=0_xz,-17.298721202381806,-2.220446049250313e-16,542.8353596577615,594.2489165357882,10970.415894720843,17.62419442018204,-4848.70032487028,12277.024823298158,11219.841320768473,-594.2489214316815,V4,17.298721202381806
transport_highfield_10_v2,y=0_xz,-16.654811370959987,0.0,546.3574557694953,579.1486758964339,9907.142283640598,530.4651871261791,920.7942939862238,12170.165810416283,10100.724683964103,-579.1486806679195,V4,16.654811370959987
transport_highfield_10_v2,y=0_xz,-20.300297943479045,-2.220446049250313e-16,544.2014861806184,646.6824762250573,17283.37697104767,123.75674716205224,-2106.171491944729,18122.243862300013,17514.407662314723,-646.6824815529397,V4,20.300297943479045
transport_highfield_10_v2,y=0_xz,-19.35567774401437,-2.220446049250313e-16,542.5738962544652,623.9859246964882,14173.159554295964,64.32988538824388,-8102.9045829256065,16861.575790488634,14377.406671359564,-623.9859298373784,V4,19.35567774401437
transport_highfield_10_v2,y=0_xz,22.1348772573015,2.7755575615628914e-17,541.7422451292161,639.8628505565833,-18483.89632098033,-427.6095433044956,-10623.535331623905,23136.029145492183,18543.105563440844,-639.8628558282803,V4,22.1348772573015
transport_highfield_10_v2,y=0_xz,-16.719249253032643,-2.220446049250313e-16,541.708484686995,576.1736748947106,9556.204453658362,262.0649835329451,-6137.699640933638,11864.52908723035,9679.573716645997,-576.1736796416858,V4,16.719249253032643
transport_highfield_10_v2,y=0_xz,21.643877728027093,0.0,386.3014858182403,6679.2654969178175,-184081.39673468692,1475.5220394918688,103960.14141476346,226000.99898640448,185177.25429800362,-6679.265551946894,V3,21.643877728027093
transport_highfield_10_v2,y=0_xz,-24.215741348467954,2.220446049250313e-16,383.8070664041887,7485.69590932466,264044.90135936165,-6706.088077408364,89453.89249920573,284382.7144274748,264953.5217068828,-7485.695970997752,V3,24.215741348467954
transport_highfield_10_v2,y=0_xz,24.87107481406134,2.220446049250313e-16,382.97807158402475,7779.56659563168,-314753.5771401455,-5813.4771190457495,35379.16857439015,320858.5977182826,317295.235738502,-7779.5666597259105,V3,24.87107481406134
transport_highfield_10_v2,y=0_xz,23.55029002682361,-2.220446049250313e-16,382.6758067713545,7416.692363349436,-263370.76968012284,1066.0253486286597,28774.529406639573,268502.04506281007,266022.55016934243,-7416.692424454021,V3,23.55029002682361
transport_highfield_10_v2,y=0_xz,24.467285618174454,5.551115123125783e-17,379.52658987034994,7270.000953515138,-230264.69745141733,10262.91598638512,-146931.53799726607,301126.0337334953,234544.08283807457,-7270.001013411164,V3,24.467285618174454
transport_highfield_10_v2,y=0_xz,24.941430809175614,-4.996003610813204e-16,378.29308250383673,7220.930040250483,-197818.37722880268,10670.459649500877,-205031.45397982647,294745.3817182384,201460.87319709483,-7220.930099742223,V3,24.941430809175614
transport_highfield_10_v2,y=0_xz,24.57728595519318,-1.1102230246251565e-16,378.5387915713542,7227.74173818344,-238701.60593363442,-977.0840162669708,-208001.51563886035,317350.0977635401,239260.1726304825,-7227.741797731299,V3,24.57728595519318
transport_highfield_10_v2,y=0_xz,23.726156469561683,2.220446049250313e-16,378.9273587494241,7077.288413839403,-226838.1129123975,-1375.9649384319732,-163147.8125736471,283754.312916223,227342.20289297853,-7077.288472147709,V3,23.726156469561683
transport_highfield_10_v2,y=0_xz,19.885587472956548,-2.220446049250313e-16,386.78576308880724,6252.243992473228,-130703.57380555454,-1386.9528227605724,104192.46898411434,178676.94236620385,131734.30620967853,-6252.244043984165,V3,19.885587472956548
transport_highfield_10_v2,y=0_xz,19.348351753508048,-4.440892098500626e-16,381.813104691439,6574.992678384546,-159479.73537147426,261.75800971367937,-17002.85901787493,166217.03312628067,164737.03290449665,-6574.992732554541,V3,19.348351753508048
transport_highfield_10_v2,y=0_xz,24.32473774277025,-5.551115123125783e-16,378.45333064913893,7157.244712733918,-218882.48283452968,-2017.4435983366939,-188679.27553639386,290279.28434663825,219850.2455994529,-7157.244771700967,V3,24.32473774277025
transport_highfield_10_v2,y=0_xz,13.959636192625792,-4.440892098500626e-16,382.5725818279984,5830.595970695743,-90803.0588166975,2752.6178037999744,-3812.557826789794,92270.20144023566,91063.03701612586,-5830.59601873281,V3,13.959636192625792
transport_highfield_10_v2,y=0_xz,14.017658279245255,-2.220446049250313e-16,382.485863749544,5842.012100635933,-89017.0174336933,-2927.291674171492,-4280.559765991111,90257.50547162065,89393.08966786713,-5842.012148767056,V3,14.017658279245255
transport_highfield_10_v2,y=0_xz,13.908733250279482,4.440892098500626e-16,382.49905460545557,5832.138783166718,-84565.22723930057,-1532.8326482657474,-8797.0397946139,85401.89623402989,84816.05609268049,-5832.138831216495,V3,13.908733250279482
transport_highfield_10_v2,y=0_xz,13.845624295583649,4.0245584642661925e-16,382.5208590120115,5827.1121762491275,-82989.7272133355,913.4197185867251,-4302.145744599584,83803.58118757312,83392.26733766038,-5827.112224257493,V3,13.845624295583649
transport_highfield_10_v2,y=0_xz,-19.621730165627604,-2.220446049250313e-16,385.7382062994254,6401.259883245131,147964.02447476488,1300.8159564054663,80833.11020655019,171621.32271457688,149180.9435879657,-6401.25993598378,V3,19.621730165627604
transport_highfield_10_v2,y=0_xz,-23.190543261619354,5.551115123125783e-17,384.1424652435979,7249.270987263645,244751.21117663555,2496.4748619583,65320.387530317916,254692.89552990237,245054.986175109,-7249.271046988882,V3,23.190543261619354
transport_highfield_10_v2,y=0_xz,-12.60726659180736,6.938893903907228e-18,383.6954615037206,5716.6906770014375,77071.13458828194,357.6973834239723,15520.380545830092,79553.0181708238,77349.07887672607,-5716.690724100063,V3,12.60726659180736
transport_highfield_10_v2,y=0_xz,-12.71651575867768,6.938893903907228e-18,383.66822707242517,5731.279576905617,74571.99576585638,-202.28805401893024,10123.022936458352,76198.76965967516,75037.85381078471,-5731.279624124438,V3,12.71651575867768
transport_highfield_10_v2,y=0_xz,-12.638479265999342,0.0,383.61480016016526,5726.867171116147,71602.01220436666,5978.544682478925,12745.309694327725,73531.36716892531,72046.18223090551,-5726.867218298614,V3,12.638479265999342
transport_highfield_10_v2,y=0_xz,-19.403907643920917,-2.220446049250313e-16,383.967523111153,6445.164317193516,154461.2110545598,-2369.252156138538,34151.559815784305,166144.15256821067,155756.67247224812,-6445.164370293884,V3,19.403907643920917
transport_highfield_10_v2,y=0_xz,-12.754787803854285,1.3877787807814457e-17,383.5817287166474,5738.729282578758,73015.18424092379,3157.8336264568456,14773.484098407756,75583.8710496499,73432.27804343803,-5738.729329858955,V3,12.754787803854285
transport_highfield_10_v2,y=0_xz,-23.662163288281853,5.551115123125783e-17,381.72703973493935,7213.463210455397,285804.9779035816,-3947.860665446555,-19716.43021796725,315870.6400621216,286122.4234896791,-7213.463269885618,V3,23.662163288281853
transport_highfield_10_v2,y=0_xz,-23.29079080250527,1.1102230246251565e-16,377.9595407557025,6831.879764872166,180668.7526730885,1964.595550015051,-196868.84644472288,270178.19529488316,181575.32528171488,-6831.879821158603,V3,23.29079080250527
transport_highfield_10_v2,y=0_xz,-22.894316387761886,1.1102230246251565e-16,378.62434088209005,6888.9182121582635,209771.31146337476,2018.5557498265453,-154693.5668477349,269119.84576076927,211175.29907553078,-6888.918268914627,V3,22.894316387761886
transport_highfield_10_v2,y=0_xz,-22.165211081777215,0.0,378.8533468505958,6739.130894847744,195350.34985795643,-3632.0096717267706,-126882.46298599849,237316.22473613112,195915.40711382203,-6739.130950370041,V3,22.165211081777215
transport_highfield_10_v2,y=0_xz,-12.570108297295612,6.938893903907228e-18,383.6243384419094,5720.121136860261,70374.93604325029,-42.84713997845729,18922.50460012933,73224.4197963956,70592.7067035285,-5720.121183987149,V3,12.570108297295612
transport_highfield_10_v2,y=0_xz,24.676915288396856,-5.551115123125783e-17,377.8463503655365,7045.002016880276,-199642.63901076876,-3258.8453863742684,-225353.7507177632,306948.6492544814,199830.2259612357,-7045.002074922581,V3,24.676915288396856
transport_highfield_10_v2,y=0_xz,13.613542233188522,-2.636779683484747e-16,382.30551827345596,5808.9431791859915,-79469.32774258376,-806.8674007891093,-2805.9026873955263,81589.36432529631,79853.28544069125,-5808.943227044666,V3,13.613542233188522
transport_highfield_10_v2,y=0_xz,13.753421255317017,1.249000902703301e-16,382.0958612749603,5798.910977746425,-84128.71715068142,-4696.542480503992,-7310.1457315850175,87711.13238095387,84466.82622409287,-5798.911025522445,V3,13.753421255317017
transport_highfield_10_v2,y=0_xz,-22.52680029096187,0.0,378.18365190713774,6761.845772495496,177691.8347026675,448.3795558745727,-157748.9455584115,238809.22413721067,178710.4756133988,-6761.845828204938,V3,22.52680029096187
transport_highfield_10_v2,y=0_xz,-12.606521825855538,6.938893903907228e-18,383.5369566709577,5718.334474756349,71851.64789598958,3013.774688649874,17387.612781866454,75003.16971814478,72083.7871580749,-5718.334521868516,V3,12.606521825855538
transport_highfield_10_v2,y=0_xz,23.208557839544525,2.220446049250313e-16,160.81636846786262,343.32650730634924,-11955.900061002103,-147.5288436791786,3169.763615221584,13356.636899931891,11993.724273316711,-343.3265101349449,V2,23.208557839544525
transport_highfield_10_v2,y=0_xz,22.510515147909423,1.1102230246251565e-16,159.96939195688594,339.3345307826983,-11101.02780235476,-42.8575729089188,941.2524036567808,11401.86351959636,11164.152822029457,-339.33453357840494,V2,22.510515147909423
transport_highfield_10_v2,y=0_xz,24.23681875502891,3.3306690738754696e-16,159.98190699064287,368.77425602304334,-14966.594220759162,6.284081742695662,1484.6136229960232,15458.341938434954,15115.380854872452,-368.7742590612978,V2,24.23681875502891
transport_highfield_10_v2,y=0_xz,22.341573712113927,0.0,159.16600726846167,331.7933139758315,-10374.52399664911,-362.5210248938397,-679.871026693255,11464.266942758364,10462.184654846164,-331.7933167094076,V2,22.341573712113927
transport_highfield_10_v2,y=0_xz,22.27253973302958,0.0,160.92472009731898,329.7142828495946,-10511.028948368634,-89.05688091884963,2620.4293784742385,11613.661102980685,10599.774597511105,-329.71428556604195,V2,22.27253973302958
transport_highfield_10_v2,y=0_xz,-24.65100346681406,2.220446049250313e-16,157.34800203987731,355.4450346597631,12674.512267190312,-129.28361847878804,-5389.798358695585,14335.437736297336,12730.206360955322,-355.44503758820076,V2,24.65100346681406
transport_highfield_10_v2,y=0_xz,-23.717328290239337,0.0,157.0044028033867,346.89519415971245,11531.362562700933,71.08016126806925,-6141.134622262232,13330.552542065021,11592.432647419671,-346.8951970177098,V2,23.717328290239337
transport_highfield_10_v2,y=0_xz,-22.88118790372588,2.220446049250313e-16,159.77978925222,343.5927019889298,11637.735726619832,-37.459477914235094,928.4326583036811,11859.969390057531,11727.015664048577,-343.5927048197186,V2,22.88118790372588
transport_highfield_10_v2,y=0_xz,-21.08634268982682,0.0,159.2331549233973,327.3177977027517,9568.328672719468,30.479778925642428,-170.7264772976436,9748.798776599313,9664.410989559683,-327.31780039945494,V2,21.08634268982682
transport_highfield_10_v2,y=0_xz,18.38916311910412,2.220446049250313e-16,161.5871354103853,305.103972104381,-6701.208517944677,-13.51919331371132,2030.7935345947633,7237.634498309379,6738.197335769179,-305.1039746180692,V2,18.38916311910412
transport_highfield_10_v2,y=0_xz,14.126338570496298,4.440892098500626e-16,164.4082870538478,270.32602443630344,-3467.252072389594,-2.2204370658645445,3496.8635955686564,5017.519823994909,3537.3735904163623,-270.3260266634633,V2,14.126338570496298
transport_highfield_10_v2,y=0_xz,12.779124671217343,6.661338147750939e-16,164.09358791522556,268.53186966969076,-3054.693623692309,57.39299538311847,3120.2246105553545,4487.902720778904,3192.7924889764927,-268.531871882069,V2,12.779124671217343
transport_highfield_10_v2,y=0_xz,21.210246692984768,0.0,160.00238016971247,325.2641949101303,-9215.5901496797,-73.49341593985642,1022.5357206933531,9389.698258111499,9282.058591155306,-325.2641975899143,V2,21.210246692984768
transport_highfield_10_v2,y=0_xz,20.62596419081034,-1.1102230246251565e-16,164.34389339980814,300.8112212973913,-6541.522866806388,238.98720989824835,6094.350356314701,9338.173104644377,6609.26827617727,-300.81122377571234,V2,20.62596419081034
transport_highfield_10_v2,y=0_xz,20.87263749583626,0.0,155.29288342562901,304.0035068651365,-7070.937529249097,-29.077321382088837,-5647.318788261356,9732.256638398703,7160.660788386497,-304.0035093697582,V2,20.87263749583626
transport_highfield_10_v2,y=0_xz,13.581661512277066,6.661338147750939e-16,162.41750927137534,272.9234184018439,-3575.0486107619568,123.49426991921642,1874.1016549879816,4378.134843927234,3655.2893687958053,-272.92342065040316,V2,13.581661512277066
transport_highfield_10_v2,y=0_xz,16.050626306710864,-4.440892098500626e-16,159.26609307678174,292.6194115783101,-5342.351295925839,-37.466931474997224,-145.9135143985916,5611.424623852807,5571.721522940909,-292.6194139891405,V2,16.050626306710864
transport_highfield_10_v2,y=0_xz,-20.680316713859987,0.0,154.72662056333544,294.12465921283325,6020.141154246786,124.29354321789171,-5830.821770759469,9826.566211000641,6285.803599866792,-294.12466163606507,V2,20.680316713859987
transport_highfield_10_v2,y=0_xz,-12.263855948172345,-8.881784197001252e-16,162.1786087345095,272.9644705961148,3423.6006091648364,-82.42384304052143,1576.4251564483402,4343.332301124428,3648.7430519315258,-272.96447284501227,V2,12.263855948172345
transport_highfield_10_v2,y=0_xz,-17.253382204726183,-2.220446049250313e-16,159.23038534476197,297.761073165184,6186.028590368952,-73.7366394272607,-168.8825998565881,6376.347933810167,6329.291821809097,-297.76107561837557,V2,17.253382204726183
transport_highfield_10_v2,y=0_xz,-15.986885637886832,0.0,164.08623790375106,272.7253868850122,4345.385095038752,-231.50056394444118,3548.9931319405723,6727.8217423573715,4521.879250233469,-272.7253891319399,V2,15.986885637886832
transport_highfield_10_v2,y=0_xz,-14.070276039675244,0.0,156.8548697376715,276.11365496931273,4240.368712941442,-91.19963381939574,-1790.0334831421635,5155.024109668443,4403.596524085076,-276.1136572441557,V2,14.070276039675244
transport_highfield_10_v2,y=0_xz,24.96290608182619,0.0,29.339588485903086,0.42583233925384406,50.243837684803154,-0.2462938980518734,-45.9248409117527,69.30786167185737,50.51862955875404,-0.42583234276218807,V1,24.96290608182619
transport_highfield_10_v2,y=0_xz,23.362011884141204,-2.220446049250313e-16,31.489239073991005,0.6116335840256957,41.98276600599838,-0.05967847909752363,-55.3436462548637,69.62738596064524,42.22816902535188,-0.6116335890648176,V1,23.362011884141204
transport_highfield_10_v2,y=0_xz,24.092632529528313,-2.220446049250313e-16,26.597826552831336,0.35032258882696193,44.40035034307091,0.5103781891642603,-34.11963023627892,56.439996084367735,44.52273187546438,-0.3503225917131969,V1,24.092632529528313
transport_highfield_10_v2,y=0_xz,22.9097728450785,1.1102230246251565e-16,28.279794166364866,0.491833573802669,38.9856936472925,0.028026345075258564,-41.72750956022126,57.49149216429466,39.154095283760746,-0.4918335778547835,V1,22.9097728450785
transport_highfield_10_v2,y=0_xz,-24.527526778900583,2.220446049250313e-16,26.208716690533684,0.3224662756223047,-45.80953639513056,-0.36397081629959893,-27.313412788708966,55.64692496397923,46.193369724807496,-0.3224662782790373,V1,24.527526778900583
transport_highfield_10_v2,y=0_xz,-22.68701914993052,-3.3306690738754696e-16,30.948019278708617,0.6108584016443731,-39.601576778891925,0.11730374934959524,-53.43055140110755,66.65794997975672,39.83609807653471,-0.6108584066771083,V1,22.68701914993052
transport_highfield_10_v2,y=0_xz,-22.54067512927073,-4.440892098500626e-16,30.313957442854477,0.5900708339872195,-39.98529733885105,0.3396634051109359,-51.149206132225125,65.08434217942785,40.12742581211164,-0.5900708388486904,V1,22.54067512927073
transport_highfield_10_v2,y=0_xz,-23.68138706980718,2.220446049250313e-16,30.542087322121446,0.5463381493967956,-42.35190677692575,0.7045107310549164,-53.80637741588815,68.89764306037645,42.48525232966562,-0.5463381538979619,V1,23.68138706980718
transport_highfield_10_v2,y=0_xz,22.428867828016767,0.0,26.22245679255874,0.4132511435854348,37.367495450666645,0.06051826703251724,-32.9788284793359,50.13519230421749,37.73419417056857,-0.41325114699012494,V1,22.428867828016767
transport_highfield_10_v2,y=0_xz,18.863450136555777,3.3306690738754696e-16,28.334473485802746,0.6170614265005538,31.649713307483353,0.1502617010684688,-45.542641626982714,55.60539979048612,31.784234424651522,-0.6170614315843945,V1,18.863450136555777
transport_highfield_10_v2,y=0_xz,16.55041678980607,-2.220446049250313e-16,26.49720743303154,0.6083653410882545,25.96072157572516,0.02847933284335293,-40.333096899346266,48.18404166163892,26.284122864108035,-0.6083653461004498,V1,16.55041678980607
transport_highfield_10_v2,y=0_xz,21.325125713988825,2.220446049250313e-16,26.125426488137386,0.44739360763125335,34.372492942826426,-0.161951258521432,-33.22133147579352,48.24443892792601,34.752046850144126,-0.4473936113172362,V1,21.325125713988825
transport_highfield_10_v2,y=0_xz,12.039483171322718,0.0,30.622039683357084,0.8861397342374143,20.954682931656535,0.08886227563710705,-57.4332348637913,62.23093931173804,23.942787093660563,-0.8861397415381351,V1,12.039483171322718
transport_highfield_10_v2,y=0_xz,15.66084181250171,0.0,27.386642231698396,0.6743687333066186,25.16385844638644,0.0661856595516051,-44.334224528114625,51.34213403226432,25.691326624325324,-0.6743687388626023,V1,15.66084181250171
transport_highfield_10_v2,y=0_xz,-23.202508046580835,2.220446049250313e-16,23.8437256784157,0.3377039303393496,-31.828627119465455,0.2691189994279175,-22.108469687649475,39.66399417374915,32.148452690582396,-0.33770393312162206,V1,23.202508046580835
transport_highfield_10_v2,y=0_xz,-24.241989161402348,4.440892098500626e-16,22.696344794206397,0.2619998558902609,-31.253954970557707,-0.14079571603707114,-15.806599720579753,35.780026369480055,31.69620397087376,-0.26199985804882325,V1,24.241989161402348
transport_highfield_10_v2,y=0_xz,-21.99253438072772,0.0,21.997161652200575,0.32148580708571733,-28.06552622388787,0.10772369663736318,-18.840088428092624,34.26869280917965,28.19842949579287,-0.32148580973437196,V1,21.99253438072772
transport_highfield_10_v2,y=0_xz,-24.404700442759296,-4.440892098500626e-16,21.71494116375725,0.2530300351423387,-29.423682986947284,1.0532131176860726,-15.122733166294857,33.71985446685409,29.662733096217227,-0.25303003722700046,V1,24.404700442759296
transport_highfield_10_v2,y=0_xz,-16.842497357015063,2.220446049250313e-16,27.3274784814286,0.6211801732176171,-27.37013330277885,0.19168758392116453,-43.34317225262382,52.10765029880021,27.67913905206433,-0.6211801783353913,V1,16.842497357015063
transport_highfield_10_v2,y=0_xz,-16.44552367409632,4.440892098500626e-16,24.674516261217704,0.5586315563629316,-23.276320043800563,0.1932831685210588,-35.31374856390737,43.07475697591576,23.480338242041746,-0.5586315609653807,V1,16.44552367409632
transport_highfield_10_v2,y=0_xz,-12.537342963362775,-2.220446049250313e-16,27.56968854215735,0.7339682892993316,-20.27912020164311,-0.11591576545724036,-47.257397062934515,52.09945475530545,21.739761350439547,-0.7339682953463434,V1,12.537342963362775
transport_highfield_10_v2,y=0_xz,-14.249229654253117,-4.440892098500626e-16,27.16449553668306,0.6895518290187929,-22.45000058603797,0.06094898087905184,-44.884154638034005,50.45699699482139,22.975162237253745,-0.6895518346998669,V1,14.249229654253117
transport_highfield_10_v2,y=0_xz,-13.87261984405788,-2.220446049250313e-16,25.491838526013378,0.6421361343483837,-20.686771858189,0.44056009482963976,-40.268901329693165,45.641667743640944,21.28468966618899,-0.6421361396388097,V1,13.87261984405788
transport_highfield_10_v2,y=0_xz,13.612422725090411,-2.220446049250313e-16,25.07546092772802,0.6131371454252861,19.85932373746509,0.025857191624655718,-38.610251989786164,43.784105110892625,20.11248238762218,-0.6131371504767954,V1,13.612422725090411
