E_eV,v_m_s,dEdx_ref_eV_per_m,SN_eV_m2,nu_ref_s-1,CSDA_range_ref_m
1.000000000000e+01,1.304318678369e+05,5.930780837083e+01,5.930780837083e-21,3.867814660663e+05,3.372237239816e-01
1.047128548051e+01,1.334700158811e+05,6.068926469340e+01,6.068926469340e-21,3.867814673602e+05,3.449046274141e-01
1.096478196143e+01,1.365789314523e+05,6.210289926743e+01,6.210289926743e-21,3.867814687151e+05,3.530095576902e-01
1.148153621497e+01,1.397602629357e+05,6.354946162068e+01,6.354946162068e-21,3.867814701339e+05,3.612951867693e-01
1.202264434617e+01,1.430156971121e+05,6.502971873966e+01,6.502971873966e-21,3.867814716195e+05,3.697030848282e-01
1.258925411794e+01,1.463469600523e+05,6.654445547628e+01,6.654445547628e-21,3.867814731751e+05,3.783809536234e-01
1.318256738556e+01,1.497558180324e+05,6.809447496401e+01,6.809447496401e-21,3.867814748041e+05,3.871984672659e-01
1.380384264603e+01,1.532440784701e+05,6.968059904371e+01,6.968059904371e-21,3.867814765098e+05,3.962139920590e-01
1.445439770746e+01,1.568135908828e+05,7.130366869936e+01,7.130366869936e-21,3.867814782959e+05,4.054390699107e-01
1.513561248436e+01,1.604662478688e+05,7.296454450396e+01,7.296454450396e-21,3.867814801662e+05,4.148827501783e-01
1.584893192461e+01,1.642039861103e+05,7.466410707586e+01,7.466410707586e-21,3.867814821246e+05,4.245492106531e-01
1.659586907438e+01,1.680287874004e+05,7.640325754563e+01,7.640325754563e-21,3.867814841753e+05,4.344391341347e-01
1.737800828749e+01,1.719426796936e+05,7.818291803386e+01,7.818291803386e-21,3.867814863227e+05,4.445575969531e-01
1.819700858610e+01,1.759477381816e+05,8.000403214011e+01,8.000403214011e-21,3.867814885713e+05,4.549117611847e-01
1.905460717963e+01,1.800460863928e+05,8.186756544318e+01,8.186756544318e-21,3.867814909258e+05,4.655078990657e-01
1.995262314969e+01,1.842398973189e+05,8.377450601309e+01,8.377450601309e-21,3.867814933913e+05,4.763508296370e-01
2.000000000000e+01,1.844585033671e+05,8.387390695266e+01,8.387390695266e-21,3.867814935214e+05,4.769160341305e-01
2.089296130854e+01,1.885313945665e+05,8.572586493498e+01,8.572586493498e-21,3.867814959730e+05,4.874465284546e-01
2.187761623950e+01,1.929228535364e+05,8.772267684517e+01,8.772267684517e-21,3.867814986764e+05,4.988002267426e-01
2.290867652768e+01,1.974166026298e+05,8.976600047977e+01,8.976600047977e-21,3.867815015072e+05,5.104184622904e-01
2.398832919019e+01,2.020150244827e+05,9.185691923602e+01,9.185691923602e-21,3.867815044714e+05,5.223075338991e-01
2.511886431510e+01,2.067205572297e+05,9.399654174672e+01,9.399654174672e-21,3.867815075753e+05,5.344732249965e-01
2.630267991895e+01,2.115356957960e+05,9.618600246805e+01,9.618600246805e-21,3.867815108255e+05,5.469226990658e-01
2.754228703338e+01,2.164629932205e+05,9.842646228105e+01,9.842646228105e-21,3.867815142288e+05,5.596618214855e-01
2.884031503127e+01,2.215050620098e+05,1.007191091072e+02,1.007191091072e-20,3.867815177926e+05,5.726977675798e-01
3.019951720402e+01,2.266645755225e+05,1.030651585381e+02,1.030651585381e-20,3.867815215243e+05,5.860375262763e-01
3.162277660168e+01,2.319442693871e+05,1.054658544804e+02,1.054658544804e-20,3.867815254318e+05,5.996876276375e-01
3.311311214826e+01,2.373469429527e+05,1.079224698147e+02,1.079224698147e-20,3.867815295236e+05,6.136561563879e-01
3.467368504525e+01,2.428754607723e+05,1.104363070710e+02,1.104363070710e-20,3.867815338081e+05,6.279496934241e-01
3.630780547701e+01,2.485327541223e+05,1.130086991191e+02,1.130086991191e-20,3.867815382946e+05,6.425762729333e-01
3.801893963206e+01,2.543218225566e+05,1.156410098754e+02,1.156410098754e-20,3.867815429926e+05,6.575437284662e-01
3.981071705535e+01,2.602457354962e+05,1.183346350257e+02,1.183346350257e-20,3.867815479119e+05,6.728593911341e-01
4.168693834703e+01,2.663076338576e+05,1.210910027659e+02,1.210910027659e-20,3.867815530631e+05,6.885323370398e-01
4.365158322402e+01,2.725107317169e+05,1.239115745586e+02,1.239115745586e-20,3.867815584570e+05,7.045699500550e-01
4.570881896149e+01,2.788583180151e+05,1.267978459083e+02,1.267978459083e-20,3.867815641052e+05,7.209812429577e-01
4.786300923226e+01,2.853537583006e+05,1.297513471543e+02,1.297513471543e-20,3.867815700196e+05,7.377750042900e-01
5.000000000000e+01,2.916544401051e+05,1.326162911137e+02,1.326162911137e-20,3.867815758867e+05,7.540647552456e-01
5.011872336273e+01,2.920004965146e+05,1.327736442819e+02,1.327736442819e-20,3.867815762126e+05,7.549594601361e-01
5.248074602498e+01,2.988020568160e+05,1.358663397533e+02,1.358663397533e-20,3.867815826976e+05,7.725447945582e-01
5.495408738576e+01,3.057620454507e+05,1.390310733564e+02,1.390310733564e-20,3.867815894882e+05,7.905392923950e-01
5.754399373372e+01,3.128841526631e+05,1.422695230749e+02,1.422695230749e-20,3.867815965988e+05,8.089530659706e-01
6.025595860744e+01,3.201721546524e+05,1.455834059776e+02,1.455834059776e-20,3.867816040445e+05,8.277959761037e-01
6.309573444802e+01,3.276299155749e+05,1.489744791293e+02,1.489744791293e-20,3.867816118411e+05,8.470772526584e-01
6.606934480076e+01,3.352613895928e+05,1.524445405217e+02,1.524445405217e-20,3.867816200052e+05,8.668083223928e-01
6.918309709189e+01,3.430706229699e+05,1.559954300273e+02,1.559954300273e-20,3.867816285540e+05,8.869984810490e-01
7.244359600750e+01,3.510617562175e+05,1.596290303747e+02,1.596290303747e-20,3.867816375058e+05,9.076590748224e-01
7.585775750292e+01,3.592390262890e+05,1.633472681470e+02,1.633472681470e-20,3.867816468794e+05,9.288011677247e-01
7.943282347243e+01,3.676067688265e+05,1.671521148031e+02,1.671521148031e-20,3.867816566948e+05,9.504351158382e-01
8.317637711027e+01,3.761694204592e+05,1.710455877229e+02,1.710455877229e-20,3.867816669727e+05,9.725737402020e-01
8.709635899561e+01,3.849315211553e+05,1.750297512774e+02,1.750297512774e-20,3.867816777351e+05,9.952274708103e-01
9.120108393559e+01,3.938977166293e+05,1.791067179228e+02,1.791067179228e-20,3.867816890046e+05,1.018409038302e+00
9.549925860214e+01,4.030727608044e+05,1.832786493208e+02,1.832786493208e-20,3.867817008053e+05,1.042130856701e+00
1.000000000000e+02,4.124615183332e+05,1.875477574846e+02,1.875477574846e-20,3.867817131621e+05,1.066404545723e+00
1.047128548051e+02,4.220689671762e+05,1.919163059520e+02,1.919163059520e-20,3.867817261013e+05,1.091244490811e+00
1.096478196143e+02,4.319002012411e+05,1.963866109851e+02,1.963866109851e-20,3.867817396503e+05,1.116662394613e+00
1.148153621497e+02,4.419604330831e+05,2.009610427988e+02,2.009610427988e-20,3.867817538378e+05,1.142672541140e+00
1.202264434617e+02,4.522549966683e+05,2.056420268174e+02,2.056420268174e-20,3.867817686940e+05,1.169288859156e+00
1.258925411794e+02,4.627893502013e+05,2.104320449607e+02,2.104320449607e-20,3.867817842503e+05,1.196524386190e+00
1.318256738556e+02,4.735690790186e+05,2.153336369596e+02,2.153336369596e-20,3.867818005398e+05,1.224395262970e+00
1.380384264603e+02,4.845998985496e+05,2.203494017031e+02,2.203494017031e-20,3.867818175969e+05,1.252914620102e+00
1.445439770746e+02,4.958876573464e+05,2.254819986160e+02,2.254819986160e-20,3.867818354580e+05,1.282098484541e+00
1.513561248436e+02,5.074383401840e+05,2.307341490692e+02,2.307341490692e-20,3.867818541608e+05,1.311962484586e+00
1.584893192461e+02,5.192580712328e+05,2.361086378224e+02,2.361086378224e-20,3.867818737450e+05,1.342521248475e+00
1.659586907438e+02,5.313531173054e+05,2.416083145006e+02,2.416083145006e-20,3.867818942522e+05,1.373792886349e+00
1.737800828749e+02,5.437298911778e+05,2.472360951053e+02,2.472360951053e-20,3.867819157259e+05,1.405792131308e+00
1.819700858610e+02,5.563949549896e+05,2.529949635601e+02,2.529949635601e-20,3.867819382117e+05,1.438536966366e+00
1.905460717963e+02,5.693550237216e+05,2.588879732933e+02,2.588879732933e-20,3.867819617571e+05,1.472044926292e+00
1.995262314969e+02,5.826169687558e+05,2.649182488568e+02,2.649182488568e-20,3.867819864122e+05,1.506332422454e+00
2.000000000000e+02,5.833082591318e+05,2.652325822274e+02,2.652325822274e-20,3.867819877129e+05,1.508119719814e+00
2.089296130854e+02,5.961878215171e+05,2.710889875825e+02,2.710889875825e-20,3.867820122292e+05,1.541419773846e+00
2.187761623950e+02,6.100747772009e+05,2.774034612777e+02,2.774034612777e-20,3.867820392630e+05,1.577323516332e+00
2.290867652768e+02,6.242851985867e+05,2.838650179599e+02,2.838650179599e-20,3.867820675709e+05,1.614063834752e+00
2.398832919019e+02,6.388266199404e+05,2.904770836320e+02,2.904770836320e-20,3.867820972128e+05,1.651660396264e+00
2.511886431510e+02,6.537067510081e+05,2.972431640987e+02,2.972431640987e-20,3.867821282517e+05,1.690131587105e+00
2.630267991895e+02,6.689334811019e+05,3.041668468256e+02,3.041668468256e-20,3.867821607535e+05,1.729500190841e+00
2.754228703338e+02,6.845148832822e+05,3.112518028408e+02,3.112518028408e-20,3.867821947869e+05,1.769784836403e+00
2.884031503127e+02,7.004592186354e+05,3.185017886817e+02,3.185017886817e-20,3.867822304244e+05,1.811008285114e+00
3.019951720402e+02,7.167749406532e+05,3.259206483869e+02,3.259206483869e-20,3.867822677414e+05,1.853192504460e+00
3.162277660168e+02,7.334706997121e+05,3.335123155339e+02,3.335123155339e-20,3.867823068171e+05,1.896357729149e+00
3.311311214826e+02,7.505553476583e+05,3.412808153252e+02,3.412808153252e-20,3.867823477343e+05,1.940529299204e+00
3.467368504525e+02,7.680379424985e+05,3.492302667221e+02,3.492302667221e-20,3.867823905799e+05,1.985729123529e+00
3.630780547701e+02,7.859277532007e+05,3.573648846291e+02,3.573648846291e-20,3.867824354448e+05,2.031984274900e+00
3.801893963206e+02,8.042342646055e+05,3.656889821281e+02,3.656889821281e-20,3.867824824241e+05,2.079318272929e+00
3.981071705535e+02,8.229671824529e+05,3.742069727660e+02,3.742069727660e-20,3.867825316174e+05,2.127748992833e+00
4.168693834703e+02,8.421364385252e+05,3.829233728941e+02,3.829233728941e-20,3.867825831292e+05,2.177301778360e+00
4.365158322402e+02,8.617521959100e+05,3.918428040630e+02,3.918428040630e-20,3.867826370686e+05,2.228011579032e+00
4.570881896149e+02,8.818248543852e+05,4.009699954733e+02,4.009699954733e-20,3.867826935501e+05,2.279925076323e+00
4.786300923226e+02,9.023650559297e+05,4.103097864827e+02,4.103097864827e-20,3.867827526935e+05,2.333062875068e+00
5.000000000000e+02,9.222893744080e+05,4.193695347633e+02,4.193695347633e-20,3.867828113647e+05,2.384580415464e+00
5.011872336273e+02,9.233836903619e+05,4.198671291719e+02,4.198671291719e-20,3.867828146242e+05,2.387408379690e+00
5.248074602498e+02,9.448919011096e+05,4.296470909707e+02,4.296470909707e-20,3.867828794737e+05,2.442955260782e+00
5.495408738576e+02,9.669010911140e+05,4.396548573441e+02,4.396548573441e-20,3.867829473794e+05,2.499759577113e+00
5.754399373372e+02,9.894229288706e+05,4.608218057605e+02,4.608218057605e-20,3.961763478313e+05,2.557931362834e+00
6.025595860744e+02,1.012469354611e+06,4.572790950975e+02,4.572790950975e-20,3.841819477272e+05,2.618013782766e+00
6.309573444802e+02,1.036052586630e+06,4.503457544679e+02,4.503457544679e-20,3.697445376398e+05,2.681135835743e+00
6.606934480076e+02,1.060185127753e+06,4.490690105601e+02,4.490690105601e-20,3.603038242583e+05,2.748208053254e+00
6.918309709189e+02,1.084879771966e+06,4.527061793732e+02,4.527061793732e-20,3.549541875492e+05,2.817978579955e+00
7.244359600750e+02,1.110149611187e+06,4.605915222183e+02,4.605915222183e-20,3.529164662377e+05,2.888166267942e+00
7.585775750292e+02,1.136008042203e+06,5.241860235625e+02,5.241860235625e-20,3.925016839958e+05,2.956675212929e+00
7.943282347243e+02,1.162468773763e+06,5.910937032045e+02,5.910937032045e-20,4.325263102489e+05,3.021772124114e+00
8.317637711027e+02,1.189545833841e+06,6.582924390487e+02,6.582924390487e-20,4.707335798039e+05,3.082032435026e+00
8.709635899561e+02,1.217253577063e+06,7.254633542026e+02,7.254633542026e-20,5.069579211783e+05,3.138666034296e+00
9.120108393559e+02,1.245606692312e+06,7.601139898474e+02,7.601139898474e-20,5.190811833624e+05,3.194099786971e+00
9.549925860214e+02,1.274620210499e+06,7.994773832900e+02,7.994773832900e-20,5.335349516114e+05,3.249491155797e+00
1.000000000000e+03,1.304309512528e+06,8.431107762959e+02,8.431107762959e-20,5.498465087254e+05,3.304141700494e+00
1.047128548051e+03,1.334690337440e+06,9.262864412359e+02,9.262864412359e-20,5.903400990176e+05,3.357199925068e+00
1.096478196143e+03,1.365778790739e+06,1.030169100072e+03,1.030169100072e-19,6.416019098054e+05,3.408126775996e+00
1.148153621497e+03,1.397591352924e+06,1.134252809324e+03,1.134252809324e-19,6.903465389166e+05,3.456455611196e+00
1.202264434617e+03,1.430144888212e+06,1.244137472506e+03,1.244137472506e-19,7.399899575872e+05,3.502085216478e+00
1.258925411794e+03,1.463456653460e+06,1.355734840770e+03,1.355734840770e-19,7.880111938322e+05,3.545426416949e+00
1.318256738556e+03,1.497544307303e+06,1.474510100955e+03,1.474510100955e-19,8.375400134245e+05,3.586993187721e+00
1.380384264603e+03,1.532425919499e+06,1.627151288288e+03,1.627151288288e-19,9.032041793776e+05,3.626941359522e+00
1.445439770746e+03,1.568119980487e+06,1.776129806035e+03,1.776129806035e-19,9.634582659844e+05,3.665388625476e+00
1.513561248436e+03,1.604645411174e+06,1.894860856542e+03,1.894860856542e-19,1.004467151970e+06,3.702594091103e+00
1.584893192461e+03,1.642021572944e+06,2.012036513109e+03,2.012036513109e-19,1.042304210930e+06,3.738998069343e+00
1.659586907438e+03,1.680268277902e+06,2.130477032435e+03,2.130477032435e-19,1.078538671392e+06,3.775060462098e+00
1.737800828749e+03,1.719405799350e+06,2.250090026581e+03,2.250090026581e-19,1.113163610223e+06,3.810697845464e+00
1.819700858610e+03,1.759454882513e+06,2.427413434187e+03,2.427413434187e-19,1.173554085204e+06,3.845650376371e+00
1.905460717963e+03,1.800436755510e+06,2.603211555612e+03,2.603211555612e-19,1.229897974352e+06,3.879821661377e+00
1.995262314969e+03,1.842373140575e+06,2.774523636393e+03,2.774523636393e-19,1.280997636908e+06,3.913347457838e+00
2.000000000000e+03,1.844559108996e+06,2.783234049547e+03,2.783234049547e-19,1.283496371541e+06,3.915060361464e+00
2.089296130854e+03,1.885286265545e+06,2.936605955015e+03,2.936605955015e-19,1.324969449553e+06,3.946408814854e+00
2.187761623950e+03,1.929198875608e+06,3.093213855085e+03,3.093213855085e-19,1.363862033401e+06,3.979072582098e+00
2.290867652768e+03,1.974134245326e+06,3.249313292832e+03,3.249313292832e-19,1.400078537497e+06,4.011402307351e+00
2.398832919019e+03,2.020116190936e+06,3.448309022112e+03,3.448309022112e-19,1.452002359716e+06,4.043462701807e+00
2.511886431510e+03,2.067169082933e+06,3.659550533028e+03,3.659550533028e-19,1.505876100505e+06,4.075314500779e+00
2.630267991895e+03,2.115317858944e+06,3.850868984783e+03,3.850868984783e-19,1.548533483294e+06,4.107064641859e+00
2.754228703338e+03,2.164588036903e+06,3.965502805142e+03,3.965502805142e-19,1.558333836518e+06,4.138887847895e+00
2.884031503127e+03,2.215005728526e+06,4.081489473810e+03,4.081489473810e-19,1.567405333464e+06,4.171027324769e+00
3.019951720402e+03,2.266597653098e+06,4.245528619055e+03,4.245528619055e-19,1.593290003144e+06,4.203591217866e+00
3.162277660168e+03,2.319391151581e+06,4.417330741283e+03,4.417330741283e-19,1.620031334939e+06,4.236490846747e+00
3.311311214826e+03,2.373414201043e+06,4.585069600091e+03,4.585069600091e-19,1.643273641516e+06,4.269637675547e+00
3.467368504525e+03,2.428695429421e+06,4.748685256327e+03,4.748685256327e-19,1.663174520580e+06,4.303044561088e+00
3.630780547701e+03,2.485264130626e+06,4.934250912905e+03,4.934250912905e-19,1.688830919560e+06,4.336771977754e+00
3.801893963206e+03,2.543150279993e+06,5.119359415828e+03,5.119359415828e-19,1.712304863066e+06,4.370853713869e+00
3.981071705535e+03,2.602384550089e+06,5.300260764735e+03,5.300260764735e-19,1.732460166818e+06,4.405283412202e+00
4.168693834703e+03,2.662998326882e+06,5.486990075112e+03,5.486990075112e-19,1.752672507076e+06,4.440066376236e+00
4.365158322402e+03,2.725023726284e+06,5.680163849474e+03,5.680163849474e-19,1.773078928978e+06,4.475236018201e+00
4.570881896149e+03,2.788493611073e+06,5.870679328994e+03,5.870679328994e-19,1.790837575409e+06,4.510851100933e+00
4.786300923226e+03,2.853441608199e+06,6.063434549984e+03,6.063434549984e-19,1.807537006319e+06,4.546955619434e+00
5.000000000000e+03,2.916441927590e+06,6.246287907197e+03,6.246287907197e-19,1.821822905624e+06,4.581671424731e+00
5.011872336273e+03,2.919902126499e+06,6.256121977322e+03,6.256121977322e-19,1.822528827834e+06,4.583569991257e+00
5.248074602498e+03,2.987910374804e+06,6.445235733262e+03,6.445235733262e-19,1.834884504685e+06,4.620732503142e+00
5.495408738576e+03,3.057502380466e+06,6.634982770328e+03,6.634982770328e-19,1.845909856439e+06,4.658515868575e+00
5.754399373372e+03,3.128715008317e+06,6.823532993587e+03,6.823532993587e-19,1.855157487533e+06,4.697026277393e+00
6.025595860744e+03,3.201585980044e+06,6.974029518599e+03,6.974029518599e-19,1.852917593402e+06,4.736373179537e+00
6.309573444802e+03,3.276153894028e+06,7.116111013186e+03,7.116111013186e-19,1.847633864475e+06,4.776665285881e+00
6.606934480076e+03,3.352458245612e+06,7.258067473807e+03,7.258067473807e-19,1.841599197151e+06,4.818022678663e+00
6.918309709189e+03,3.430539447857e+06,7.399572996169e+03,7.399572996169e-19,1.834770438952e+06,4.860504588380e+00
7.244359600750e+03,3.510438852745e+06,7.540475686217e+03,7.540475686217e-19,1.827152617993e+06,4.904160812969e+00
7.585775750292e+03,3.592198772885e+06,7.671764206900e+03,7.671764206900e-19,1.816654668523e+06,4.949051884901e+00
7.943282347243e+03,3.675862503700e+06,7.802405030583e+03,7.802405030583e-19,1.805538386931e+06,4.995251487582e+00
8.317637711027e+03,3.761474346123e+06,7.932510051418e+03,7.932510051418e-19,1.793866088795e+06,5.042836753703e+00
8.709635899561e+03,3.849079629805e+06,8.062676805621e+03,8.062676805621e-19,1.781803668080e+06,5.091837578884e+00
9.120108393559e+03,3.938724736851e+06,8.208173258523e+03,8.208173258523e-19,1.772671969938e+06,5.142271130127e+00
9.549925860214e+03,4.030457126089e+06,8.350594504440e+03,8.350594504440e-19,1.762384168164e+06,5.194178152819e+00
1.000000000000e+04,4.124325357890e+06,8.491389614494e+03,8.491389614494e-19,1.751311272542e+06,5.247632010055e+00
1.047128548051e+04,4.220379119546e+06,8.614633294692e+03,8.614633294692e-19,1.736292233956e+06,5.302728994293e+00
1.096478196143e+04,4.318669251221e+06,8.727012394107e+03,8.727012394107e-19,1.718910012854e+06,5.359607589111e+00
1.148153621497e+04,4.419247772480e+06,8.835580483886e+03,8.835580483886e-19,1.700686360746e+06,5.418443058538e+00
1.202264434617e+04,4.522167909420e+06,8.922613212777e+03,8.922613212777e-19,1.678351327893e+06,5.479395955498e+00
1.258925411794e+04,4.627484122405e+06,9.005294098680e+03,9.005294098680e-19,1.655352376480e+06,5.542600430641e+00
1.318256738556e+04,4.735252134416e+06,9.084462891206e+03,9.084462891206e-19,1.631900366283e+06,5.608208180716e+00
1.380384264603e+04,4.845528960045e+06,9.143722636255e+03,9.143722636255e-19,1.605163750333e+06,5.676382184492e+00
1.445439770746e+04,4.958372935121e+06,9.204309855202e+03,9.204309855202e-19,1.579026924025e+06,5.747307226173e+00
1.513561248436e+04,5.073843746999e+06,9.250905565081e+03,9.250905565081e-19,1.550903057474e+06,5.821150470549e+00
1.584893192461e+04,5.192002465526e+06,9.296704870608e+03,9.296704870608e-19,1.523111325329e+06,5.898049742081e+00
1.659586907438e+04,5.312911574681e+06,9.343328172626e+03,9.343328172626e-19,1.495913593073e+06,5.978162949935e+00
1.737800828749e+04,5.436635004917e+06,9.391018467478e+03,9.391018467478e-19,1.469332249183e+06,6.061707429803e+00
1.819700858610e+04,5.563238166213e+06,9.397054114020e+03,9.397054114020e-19,1.436817365194e+06,6.148942352134e+00
1.905460717963e+04,5.692787981854e+06,9.402661469661e+03,9.402661469661e-19,1.404957813145e+06,6.240124136976e+00
1.995262314969e+04,5.825352922940e+06,9.411142657242e+03,9.411142657242e-19,1.374224250270e+06,6.335498143039e+00
2.000000000000e+04,5.832262916258e+06,9.411676017960e+03,9.411676017960e-19,1.372673875872e+06,6.340528285280e+00
2.089296130854e+04,5.961003043652e+06,9.420472352232e+03,9.420472352232e-19,1.344283378877e+06,6.435320510656e+00
2.187761623950e+04,6.099810017289e+06,9.428960464477e+03,9.428960464477e-19,1.314876607627e+06,6.539808965500e+00
2.290867652768e+04,6.241847173070e+06,9.437941157769e+03,9.437941157769e-19,1.286179630951e+06,6.649179039925e+00
2.398832919019e+04,6.387189533740e+06,9.423059037253e+03,9.423059037253e-19,1.254930289188e+06,6.763721587153e+00
2.511886431510e+04,6.535913853981e+06,9.398069709999e+03,9.398069709999e-19,1.223122163566e+06,6.883827032224e+00
2.630267991895e+04,6.688098659640e+06,9.373105211919e+03,9.373105211919e-19,1.192115443459e+06,7.009922125102e+00
2.754228703338e+04,6.843824287792e+06,9.339685089522e+03,9.339685089522e-19,1.160836020381e+06,7.142401725797e+00
2.884031503127e+04,7.003172927656e+06,9.308112448387e+03,9.308112448387e-19,1.130587719954e+06,7.281677545436e+00
3.019951720402e+04,7.166228662368e+06,9.255324657709e+03,9.255324657709e-19,1.098597203122e+06,7.428188841765e+00
3.162277660168e+04,7.333077511630e+06,9.199541663955e+03,9.199541663955e-19,1.067130193959e+06,7.582403220694e+00
3.311311214826e+04,7.503807475252e+06,9.146094582262e+03,9.146094582262e-19,1.036791668372e+06,7.744832104506e+00
3.467368504525e+04,7.678508577590e+06,9.094658587738e+03,9.094658587738e-19,1.007504558446e+06,7.916040356263e+00
3.630780547701e+04,7.857272912904e+06,9.004944970120e+03,9.004944970120e-19,9.748700276819e+05,8.096653015137e+00
3.801893963206e+04,8.040194691645e+06,8.913535470883e+03,8.913535470883e-19,9.430200466362e+05,8.287419782884e+00
3.981071705535e+04,8.227370287676e+06,8.825844611023e+03,8.825844611023e-19,9.124996912059e+05,8.489245431177e+00
4.168693834703e+04,8.418898286453e+06,8.722624792377e+03,8.722624792377e-19,8.813114694504e+05,8.703101823676e+00
4.365158322402e+04,8.614879534167e+06,8.606267771166e+03,8.606267771166e-19,8.497734121268e+05,8.929833001306e+00
4.570881896149e+04,8.815417187861e+06,8.506464678751e+03,8.506464678751e-19,8.208120550694e+05,9.170287752394e+00
4.786300923226e+04,9.020616766536e+06,8.392128474146e+03,8.392128474146e-19,7.913587057731e+05,9.425406307945e+00
5.000000000000e+04,9.219654583942e+06,8.277193219785e+03,8.277193219785e-19,7.636703621570e+05,9.681887019232e+00
5.011872336273e+04,9.230586203249e+06,8.271046931541e+03,8.271046931541e-19,7.621995636621e+05,9.696236078843e+00
5.248074602498e+04,9.445435898226e+06,8.152437152435e+03,8.152437152435e-19,7.341806729394e+05,9.983945467472e+00
5.495408738576e+04,9.665278772977e+06,8.016786643699e+03,8.016786643699e-19,7.055429132130e+05,1.028994056113e+01
5.754399373372e+04,9.890230325442e+06,7.884991163891e+03,7.884991163891e-19,6.781602004619e+05,1.061581030255e+01
6.025595860744e+04,1.012040868617e+07,7.743112028341e+03,7.743112028341e-19,6.508111505311e+05,1.096310856750e+01
6.309573444802e+04,1.035593467551e+07,7.600065634802e+03,7.600065634802e-19,6.242600370595e+05,1.133329946624e+01
6.606934480076e+04,1.059693186190e+07,7.461807508680e+03,7.461807508680e-19,5.989649272405e+05,1.172795908471e+01
6.918309709189e+04,1.084352662111e+07,7.328329482846e+03,7.328329482846e-19,5.748730245698e+05,1.214889315441e+01
7.244359600750e+04,1.109584819660e+07,7.199542252628e+03,7.199542252628e-19,5.519272941795e+05,1.259809035485e+01
7.585775750292e+04,1.135402876092e+07,7.045056829467e+03,7.045056829467e-19,5.278031817050e+05,1.307781962435e+01
7.943282347243e+04,1.161820347813e+07,6.893916177643e+03,6.893916177643e-19,5.047362693807e+05,1.359068633228e+01
8.317637711027e+04,1.188851056726e+07,6.748753526857e+03,6.748753526857e-19,4.828737673051e+05,1.413948455803e+01
8.709635899561e+04,1.216509136684e+07,6.608208303424e+03,6.608208303424e-19,4.620679462099e+05,1.472689992661e+01
9.120108393559e+04,1.244809040042e+07,6.453392059117e+03,6.453392059117e-19,4.409839771277e+05,1.535572552700e+01
9.549925860214e+04,1.273765544316e+07,6.304033540914e+03,6.304033540914e-19,4.209848929240e+05,1.602921341651e+01
1.000000000000e+05,1.303393758937e+07,6.159198335543e+03,6.159198335543e-19,4.019629689464e+05,1.675118184044e+01
1.047128548051e+05,1.333709132109e+07,6.010652702000e+03,6.010652702000e-19,3.833522382648e+05,1.752576426006e+01
1.096478196143e+05,1.364727457766e+07,5.862833229453e+03,5.862833229453e-19,3.654257141728e+05,1.835714758555e+01
1.148153621497e+05,1.396464882617e+07,5.719409999841e+03,5.719409999841e-19,3.483844038857e+05,1.924977351344e+01
1.202264434617e+05,1.428937913295e+07,5.574682102603e+03,5.574682102603e-19,3.318518480857e+05,2.020844440649e+01
1.258925411794e+05,1.462163423585e+07,5.431134651356e+03,5.431134651356e-19,3.159600309107e+05,2.123835278360e+01
1.318256738556e+05,1.496158661749e+07,5.291750503355e+03,5.291750503355e-19,3.008563634720e+05,2.234514943673e+01
1.380384264603e+05,1.530941257928e+07,5.151641366433e+03,5.151641366433e-19,2.862362198693e+05,2.353514146778e+01
1.445439770746e+05,1.566529231630e+07,5.017297994329e+03,5.017297994329e-19,2.724387543439e+05,2.481523280169e+01
1.513561248436e+05,1.602940999280e+07,4.878501854608e+03,4.878501854608e-19,2.588847273311e+05,2.619280108908e+01
1.584893192461e+05,1.640195381857e+07,4.743506245851e+03,4.743506245851e-19,2.460035561553e+05,2.767570382959e+01
1.659586907438e+05,1.678311612580e+07,4.614042091227e+03,4.614042091227e-19,2.338548846340e+05,2.927239459946e+01
1.737800828749e+05,1.717309344657e+07,4.488760503471e+03,4.488760503471e-19,2.223388701654e+05,3.099185237829e+01
1.819700858610e+05,1.757208659085e+07,4.359920143783e+03,4.359920143783e-19,2.110535654311e+05,3.284371191895e+01
1.905460717963e+05,1.798030072490e+07,4.236081188645e+03,4.236081188645e-19,2.004032762569e+05,3.483870262207e+01
1.995262314969e+05,1.839794545001e+07,4.116280385780e+03,4.116280385780e-19,1.903150423672e+05,3.698882886411e+01
2.000000000000e+05,1.841971334996e+07,4.110187339447e+03,4.110187339447e-19,1.898087560635e+05,3.710399756607e+01
2.089296130854e+05,1.882523488146e+07,3.997832561615e+03,3.997832561615e-19,1.806432301866e+05,3.930702200941e+01
2.187761623950e+05,1.926238772764e+07,3.882554473507e+03,3.882554473507e-19,1.714529375915e+05,4.180669939250e+01
2.290867652768e+05,1.970962736917e+07,3.770111460508e+03,3.770111460508e-19,1.627096345325e+05,4.450214871094e+01
2.398832919019e+05,2.016718193793e+07,3.660042094745e+03,3.660042094745e-19,1.543754928841e+05,4.740906086043e+01
2.511886431510e+05,2.063528439579e+07,3.552361607075e+03,3.552361607075e-19,1.464347675528e+05,5.054471834441e+01
2.630267991895e+05,2.111417261300e+07,3.446322112104e+03,3.446322112104e-19,1.388414984131e+05,5.392793243110e+01
2.754228703338e+05,2.160408944603e+07,3.343413866765e+03,3.343413866765e-19,1.316411494750e+05,5.757953978393e+01
2.884031503127e+05,2.210528281461e+07,3.243288394057e+03,3.243288394057e-19,1.248035633969e+05,6.152230852609e+01
3.019951720402e+05,2.261800577789e+07,3.142796913109e+03,3.142796913109e-19,1.181951076166e+05,6.578105680570e+01
3.162277660168e+05,2.314251660945e+07,3.044534624153e+03,3.044534624153e-19,1.119045709733e+05,7.038284798007e+01
3.311311214826e+05,2.367907887098e+07,2.949261477064e+03,2.949261477064e-19,1.059463421920e+05,7.535695322532e+01
3.467368504525e+05,2.422796148431e+07,2.856616417915e+03,2.856616417915e-19,1.002934443669e+05,8.073438986635e+01
3.630780547701e+05,2.478943880161e+07,2.766461547209e+03,2.766461547209e-19,9.492824157309e+04,8.654850530151e+01
3.801893963206e+05,2.536379067342e+07,2.678577014309e+03,2.678577014309e-19,8.983125571949e+04,9.283556225194e+01
3.981071705535e+05,2.595130251426e+07,2.593209961068e+03,2.593209961068e-19,8.499943013266e+04,9.963501781302e+01
4.168693834703e+05,2.655226536540e+07,2.510362888480e+03,2.510362888480e-19,8.042154632670e+04,1.069895488810e+02
4.365158322402e+05,2.716697595456e+07,2.429891530657e+03,2.429891530657e-19,7.608220348931e+04,1.149452503131e+02
4.570881896149e+05,2.779573675203e+07,2.351726838765e+03,2.351726838765e-19,7.196911774581e+04,1.235520746143e+02
4.786300923226e+05,2.843885602292e+07,2.275786782147e+03,2.275786782147e-19,6.807018663138e+04,1.328682230477e+02
5.000000000000e+05,2.906240832589e+07,2.201221214248e+03,2.201221214248e-19,6.442724824148e+04,1.424219824832e+02
5.011872336273e+05,2.909664787502e+07,2.197133949720e+03,2.197133949720e-19,6.423194450248e+04,1.429619708951e+02
5.248074602498e+05,2.976943230178e+07,2.119063816431e+03,2.119063816431e-19,6.054955786222e+04,1.539088296908e+02
5.495408738576e+05,3.045753522003e+07,2.043457990973e+03,2.043457990973e-19,5.707007615702e+04,1.657909230573e+02
5.754399373372e+05,3.116128850178e+07,1.970237157801e+03,1.970237157801e-19,5.378245114532e+04,1.786983808700e+02
6.025595860744e+05,3.188102999953e+07,1.899393568536e+03,1.899393568536e-19,5.067807528431e+04,1.927236670509e+02
6.309573444802e+05,3.261710356453e+07,1.830768138059e+03,1.830768138059e-19,4.774473048656e+04,2.079600492091e+02
6.606934480076e+05,3.336985905731e+07,1.764306805544e+03,1.764306805544e-19,4.497355622399e+04,2.245049346562e+02
6.918309709189e+05,3.413965234973e+07,1.703390909862e+03,1.703390909862e-19,4.244169540362e+04,2.424514218556e+02
7.244359600750e+05,3.492684531784e+07,1.649956957239e+03,1.649956957239e-19,4.018377627444e+04,2.618936820573e+02
7.585775750292e+05,3.573180582478e+07,1.597627035209e+03,1.597627035209e-19,3.803276754380e+04,2.829370788170e+02
7.943282347243e+05,3.655490769272e+07,1.546452171141e+03,1.546452171141e-19,3.598556238335e+04,3.057005727320e+02
8.317637711027e+05,3.739653066313e+07,1.496192637552e+03,1.496192637552e-19,3.403248742036e+04,3.303162526063e+02
8.709635899561e+05,3.825706034424e+07,1.447082341166e+03,1.447082341166e-19,3.217504337449e+04,3.569512195629e+02
9.120108393559e+05,3.913688814482e+07,1.399230197656e+03,1.399230197656e-19,3.041167715841e+04,3.857954463453e+02
9.549925860214e+05,4.003641119296e+07,1.352647378565e+03,1.352647378565e-19,2.873868865162e+04,4.170453963787e+02
1.000000000000e+06,4.095603223898e+07,1.307338455012e+03,1.307338455012e-19,2.715236437073e+04,4.509014156202e+02
