event_id,radial_kinetic_energy_eV,axial_kinetic_energy_eV,total_kinetic_energy_eV,extraction_time_ns
1,8.539333163320e+01,4.122843542371e+04,4.131382875535e+04,5.590592828637e+01
3,1.033995099548e+03,9.976679168827e+03,1.101067426838e+04,7.037556694830e+01
4,1.669086763025e+03,6.385781607114e+04,6.552690283417e+04,4.840810116411e+01
5,1.133143808066e+03,7.102143022644e+04,7.215457403451e+04,4.643019104996e+01
6,6.122781262286e+03,2.814262315733e+04,3.426540441962e+04,5.942952121408e+01
7,9.568882244260e+02,5.273097905394e+04,5.368786727836e+04,5.211413838469e+01
9,4.514115389280e+02,9.389467865167e+04,9.434609019060e+04,4.261803123604e+01
10,1.348051689499e+03,1.557723549089e+04,1.692528718039e+04,6.663943473032e+01
11,1.641656850733e+03,5.990970389120e+04,6.155136074193e+04,4.896711507887e+01
12,1.054201336454e+02,4.179358867950e+04,4.189900881315e+04,5.544598970168e+01
13,1.814757007579e+03,6.576833625325e+04,6.758309326083e+04,4.829440016164e+01
15,1.186065614229e+02,7.875698664515e+04,7.887559320657e+04,4.518866849680e+01
18,5.224132817508e+02,7.987480535750e+04,8.039721863925e+04,4.514865874301e+01
19,7.161171152004e+01,7.856780192232e+04,7.863941363384e+04,4.612494983544e+01
20,1.586266606435e+03,8.059354257566e+04,8.217980918210e+04,4.472425268968e+01
21,5.093366005967e+03,5.790089929863e+04,6.299426530460e+04,4.974795556111e+01
22,4.215082959502e+03,7.665973674940e+03,1.188105663444e+04,7.195560751866e+01
23,1.726137486488e+03,3.989377405607e+04,4.161991154256e+04,5.521706872259e+01
25,2.885686149500e+03,5.652951759022e+04,5.941520373972e+04,5.312099557129e+01
26,8.268848914172e+03,5.819029383161e+04,6.645914274578e+04,4.998401079776e+01
27,1.268923077164e+02,6.161422192400e+04,6.174111423172e+04,4.878970140945e+01
28,4.936470156755e+03,2.557409686830e+04,3.051056702505e+04,6.260648216838e+01
29,2.564677438555e+03,3.029942087580e+04,3.286409831435e+04,5.971263855382e+01
30,2.201420538056e+01,4.936603974753e+04,4.938805395291e+04,5.279642414752e+01
32,4.520336902400e+02,5.925363646624e+04,5.970567015648e+04,4.928997829897e+01
33,1.965992729907e+02,7.731521436066e+04,7.751181363365e+04,4.477931289111e+01
34,8.380926391015e+02,8.229844664461e+04,8.313653928372e+04,4.443139713993e+01
36,5.462267253320e+02,8.778279274144e+04,8.832901946677e+04,4.319856048717e+01
37,2.643099973591e+03,7.471966073460e+04,7.736276070819e+04,4.751928157804e+01
38,1.506373490282e+03,4.827257286032e+04,4.977894635061e+04,5.173457887812e+01
39,3.235193338008e+02,5.434854705085e+04,5.467206638465e+04,5.107112437350e+01
40,8.946096886485e+01,1.112858990627e+05,1.113753600316e+05,4.005858235158e+01
41,5.508041110119e+02,3.394489464860e+03,3.945293575872e+03,9.461020399322e+01
46,1.078812346856e+03,6.900906091496e+04,7.008787326182e+04,4.804712642610e+01
47,7.972366451324e+02,7.327233732079e+04,7.406957396592e+04,4.581675695270e+01
49,5.839493877125e+03,8.008082037060e+04,8.592031424773e+04,4.475276906521e+01
53,9.890562373183e+02,3.483503883078e+04,3.582409506810e+04,5.712130903947e+01
54,3.092993280443e+03,3.148400520494e+04,3.457699848538e+04,6.048480695246e+01
55,8.439436463102e+03,9.618366849437e+04,1.046231049575e+05,4.111289819405e+01
56,1.056164831784e+02,9.037757857142e+04,9.048319505460e+04,4.312082797884e+01
58,1.231811429122e+03,2.895241114890e+04,3.018422257802e+04,6.073402563527e+01
59,4.940324918035e+02,4.474019386212e+04,4.523422635393e+04,5.303600182830e+01
62,7.738060944977e+02,8.509296574135e+04,8.586677183585e+04,4.443954793974e+01
63,7.805622676211e+03,5.056317205708e+04,5.836879473329e+04,5.109793047291e+01
65,9.013014708674e+02,3.277996318618e+04,3.368126465704e+04,5.886384192296e+01
67,6.049051349825e+02,4.695319501829e+04,4.755810015327e+04,5.397063006627e+01
69,2.737343151098e+03,8.165665431755e+04,8.439399746865e+04,4.485440338934e+01
71,7.773946023451e+03,9.413748630962e+04,1.019114323331e+05,4.141723335797e+01
72,4.697876047906e+02,6.400903222007e+04,6.447881982486e+04,4.880165024409e+01
77,1.483127718809e+03,4.062708541747e+04,4.211021313628e+04,5.333584320502e+01
78,6.798282391656e+02,1.107761189045e+05,1.114559471437e+05,4.055903576854e+01
79,2.876001458670e+02,1.917245842783e+04,1.946005857370e+04,6.564788097330e+01
80,5.599255673294e+03,7.769197568671e+04,8.329123136000e+04,4.580602967229e+01
82,3.228456027512e+03,5.194789840519e+04,5.517635443270e+04,5.249487845950e+01
83,1.755903920927e+03,3.047785649234e+04,3.223376041327e+04,5.970065974861e+01
85,8.307062603735e+02,1.060897599761e+05,1.069204662365e+05,4.041537052806e+01
91,2.100084012183e+03,7.541920993680e+04,7.751929394899e+04,4.575048512514e+01
92,3.211638538167e+03,7.055451771544e+04,7.376615625360e+04,4.710676246679e+01
93,1.929671576479e+02,2.973593780076e+04,2.992890495841e+04,5.949090089762e+01
98,1.359406087313e+02,1.017311316284e+05,1.018670722371e+05,4.142836951800e+01
100,7.704624411237e+03,4.726525102269e+04,5.496987543392e+04,5.278063906157e+01
101,6.044799055500e+03,5.478468912715e+04,6.082948818265e+04,4.834513461278e+01
104,2.747799239887e+03,5.085066237961e+04,5.359846161950e+04,5.199825925257e+01
105,1.965853535708e+03,6.681769655639e+04,6.878355009209e+04,4.628943454398e+01
106,3.339769899029e+03,8.353390826110e+04,8.687367816013e+04,4.416186966398e+01
107,1.023197330692e+04,4.928532346917e+03,1.516050565384e+04,7.194389248162e+01
111,8.074482121107e+02,6.651176503885e+04,6.731921325096e+04,4.780800438931e+01
112,3.658458434034e+03,7.070382470933e+04,7.436228314336e+04,4.586838041776e+01
113,4.700645709071e+02,6.452727096695e+04,6.499733553785e+04,4.727704251201e+01
115,3.829896569078e+02,9.332286042781e+04,9.370585008472e+04,4.259110836793e+01
117,2.544466801972e+03,9.160492193006e+04,9.414938873203e+04,4.245236402268e+01
119,3.048229088645e+03,4.866893036552e+04,5.171715945416e+04,5.072999557810e+01
124,3.888005688423e+02,4.228798137659e+04,4.267678194543e+04,5.556445473037e+01
127,1.670784889645e+03,4.575225517041e+04,4.742304006006e+04,5.471615575170e+01
128,2.834361405499e+03,2.687689537967e+04,2.971125678517e+04,6.032778305651e+01
129,5.844853598126e+03,1.152164747625e+05,1.210613283606e+05,3.969713239737e+01
134,2.261730813108e+02,7.080540518358e+04,7.103157826489e+04,4.774617527673e+01
135,1.248072070801e+03,4.252358927719e+04,4.377166134799e+04,5.411049515919e+01
139,6.017346794497e+03,4.139870932798e+04,4.741605612248e+04,5.559351030239e+01
141,6.193856234999e+02,6.730651194599e+04,6.792589756949e+04,4.889494266611e+01
144,1.712423744519e+03,3.227716869522e+04,3.398959243974e+04,5.649579657672e+01
145,1.654692200100e+02,6.099742456191e+04,6.116289378192e+04,4.866431775546e+01
146,3.244091398298e+03,5.481160686330e+04,5.805569826159e+04,5.194840408224e+01
148,1.361816271595e+02,3.312739838090e+04,3.326358000806e+04,5.622870031805e+01
153,2.406989605849e+03,6.211903133208e+04,6.452602093793e+04,4.913898610896e+01
154,1.922372478564e+03,7.456077053456e+04,7.648314301313e+04,4.628297675864e+01
156,5.125212185927e+02,5.042178913844e+04,5.093431035704e+04,5.234918513411e+01
157,7.727417335493e+02,8.032352896811e+04,8.109627070166e+04,4.599929970195e+01
160,8.156250864186e+03,7.250907572829e+04,8.066532659247e+04,4.666672979189e+01
161,2.349011419706e+03,4.153876848938e+04,4.388777990909e+04,5.344512198185e+01
164,1.244259861808e+03,8.536486077803e+04,8.660912063984e+04,4.366342344542e+01
165,1.547859421803e+03,9.308999574664e+04,9.463785516844e+04,4.286571211795e+01
166,3.636641386083e+03,1.119890187990e+05,1.156256601851e+05,3.974455579826e+01
168,2.028577136726e+02,6.503359155224e+04,6.523644926591e+04,4.773895078305e+01
173,1.638311306107e+03,8.406261919209e+04,8.570093049820e+04,4.437679603606e+01
174,4.812180520869e+02,5.235900989017e+04,5.284022794226e+04,5.106763479883e+01
175,2.735771287587e+03,8.214648156099e+04,8.488225284857e+04,4.357012770703e+01
176,6.995122849896e+02,9.706644258954e+04,9.776595487453e+04,4.189280947984e+01
180,1.081094171071e+04,7.233284911295e+04,8.314379082366e+04,4.407305462048e+01
182,1.187358485407e+03,6.927968050582e+04,7.046703899122e+04,4.741171208932e+01
183,1.655957945627e+03,7.274488386705e+04,7.440084181268e+04,4.589107064375e+01
186,7.750153447849e+00,6.279755057900e+04,6.280530073245e+04,4.854073744719e+01
187,8.016855864787e+02,4.879314699253e+04,4.959483257901e+04,5.428398025093e+01
188,4.120080415006e+02,3.440382812503e+04,3.481583616653e+04,5.695804007093e+01
190,4.274160881355e+03,1.179986566657e+04,1.607402654792e+04,6.641527772537e+01
191,3.970858875280e+03,6.688023599308e+04,7.085109486836e+04,4.858724058206e+01
193,2.466357402339e+03,9.158620040324e+04,9.405255780558e+04,4.216805089576e+01
194,4.164240291489e+03,4.887875422524e+04,5.304299451673e+04,5.148556847302e+01
195,2.218080485263e+03,4.762401121643e+04,4.984209170170e+04,5.218917538703e+01
196,1.303921461060e+03,1.005540386006e+05,1.018579600616e+05,4.223189414461e+01
197,9.328547573903e+03,6.030270622226e+04,6.963125379617e+04,4.823146427715e+01
198,3.591781999978e+04,6.599991627332e+04,1.019177362731e+05,4.683050925395e+01
200,1.614748546689e+03,1.092604277612e+05,1.108751763079e+05,4.052945228109e+01
208,9.920327209077e+03,5.570314016190e+04,6.562346737097e+04,5.013831437916e+01
209,1.757367876492e+03,7.430028916677e+04,7.605765704326e+04,4.562589547503e+01
211,2.543257226680e+03,8.199959324531e+04,8.454285047199e+04,4.554160433461e+01
212,8.441465910447e+03,1.112316147074e+05,1.196730806179e+05,4.021913331326e+01
213,3.312401325955e+03,9.386880079923e+04,9.718120212519e+04,4.285932428319e+01
215,7.629801537176e+02,9.084560413577e+04,9.160858428948e+04,4.335424351609e+01
216,1.300429708666e+03,1.289784296814e+05,1.302788593901e+05,3.804758497342e+01
218,7.683041115798e+02,2.311399139018e+04,2.388229550176e+04,6.473746064398e+01
219,6.250690020737e+03,7.579175101918e+04,8.204244103992e+04,4.382692728433e+01
220,6.375233254624e+03,5.040107430998e+04,5.677630756460e+04,5.221472874979e+01
221,5.426867734518e+03,6.406804830869e+04,6.949491604321e+04,4.909904141414e+01
223,1.106511476988e+03,2.974479733279e+04,3.085130880978e+04,5.832860336813e+01
224,1.104055637464e+03,3.578856559733e+04,3.689262123479e+04,5.516357453737e+01
228,6.479444955183e+02,6.309411434106e+04,6.374205883658e+04,4.937477773013e+01
230,6.703207899825e+02,6.636427522383e+04,6.703459601382e+04,5.139695955096e+01
231,6.054601224530e+03,7.213154662261e+04,7.818614784714e+04,4.780254148474e+01
232,7.408430558926e+02,7.580110991239e+04,7.654195296828e+04,4.511800450399e+01
235,8.562781522112e+02,6.354544162387e+04,6.440171977608e+04,4.847470122548e+01
241,2.674673893300e+01,1.057546908462e+05,1.057814375851e+05,4.082843210688e+01
242,7.468887061551e+02,5.892719689241e+04,5.967408559856e+04,4.890935661574e+01
245,1.539245837452e+02,9.711855541407e+04,9.727247999782e+04,4.176998366808e+01
246,9.795133063275e+02,8.382938491274e+04,8.480889821907e+04,4.458989889634e+01
253,2.997168054645e+03,5.674100600798e+04,5.973817406263e+04,5.335524369543e+01
254,1.785344181089e+02,4.991890802593e+04,5.009744244404e+04,5.067128166898e+01
255,2.638620520079e+03,3.526819502258e+04,3.790681554266e+04,5.606087604394e+01
257,7.766044128140e+02,5.858253476075e+04,5.935913917357e+04,5.009230382928e+01
259,1.515587744562e+03,5.180449220437e+04,5.332007994894e+04,5.179259460999e+01
263,4.270202216636e+03,5.675948816039e+04,6.102969037702e+04,4.903854558757e+01
267,6.514115292932e+01,9.877399864584e+04,9.883913979877e+04,4.154560466838e+01
269,3.412707633607e+02,3.114296176285e+04,3.148423252621e+04,5.888647404478e+01
270,1.307834965641e+03,3.101913774902e+04,3.232697271467e+04,5.659752183587e+01
272,1.392523689528e+03,1.010442880412e+05,1.024368117307e+05,4.160227771656e+01
275,1.959346524750e+03,4.163643139315e+04,4.359577791790e+04,5.440048196987e+01
276,5.425024797097e+02,6.797347519086e+04,6.851597767057e+04,4.689875316771e+01
278,8.277557141923e+02,1.452513968769e+04,1.535289540188e+04,6.702149599321e+01
279,5.509556005650e+02,4.057320430557e+04,4.112415990614e+04,5.493286151506e+01
280,3.755055694702e+03,7.431842268230e+04,7.807347837700e+04,4.570256038507e+01
283,9.104535871066e+02,7.826433982289e+04,7.917479341000e+04,4.548519131865e+01
284,1.337030682425e+03,6.544467776443e+04,6.678170844685e+04,4.692282534066e+01
287,3.407513071043e+03,6.234903063644e+04,6.575654370748e+04,4.605252328637e+01
288,6.019070574249e+03,6.946844048860e+04,7.548751106285e+04,4.682270319932e+01
290,5.832878748324e+01,9.313849239156e+04,9.319682117904e+04,4.306351575336e+01
291,2.890668387338e+03,3.612708596448e+04,3.901775435182e+04,5.513689977739e+01
296,1.259217043675e+02,1.224836432924e+05,1.226095649968e+05,3.861889066752e+01
297,4.504862511583e+03,4.440305408422e+04,4.890791659581e+04,5.524833155413e+01
298,8.398819655931e+03,9.618277919792e+03,1.801709757572e+04,7.270521042727e+01
299,6.014832395899e+02,9.395145730575e+04,9.455294054534e+04,4.284342633967e+01
302,3.894301574433e+02,7.087215947745e+04,7.126158963490e+04,4.692833763399e+01
303,1.494441599543e+03,1.643640725278e+04,1.793084885232e+04,6.691419189217e+01
304,2.568851288913e+02,3.659299473434e+04,3.684987986323e+04,5.755173785685e+01
305,7.609979676921e+02,5.891292406859e+04,5.967392203628e+04,5.048991514196e+01
306,4.611599067387e+03,7.963077732774e+04,8.424237639512e+04,4.460404577779e+01
307,2.691286927605e+02,6.229894084476e+04,6.256806953752e+04,4.913506071449e+01
313,4.955124553478e+02,7.701466218419e+04,7.751017463954e+04,4.564862463443e+01
317,5.966960979918e+02,6.225022399426e+04,6.284692009225e+04,4.888969297190e+01
318,3.552172203769e+03,6.213747946288e+04,6.568965166665e+04,4.851151137071e+01
320,2.110073280186e+03,5.560962384011e+04,5.771969712030e+04,5.086926829169e+01
322,2.679866339106e+03,1.018966121139e+05,1.045764784530e+05,4.216384036207e+01
323,3.978505136244e+03,3.920770593365e+04,4.318621106989e+04,5.588528825909e+01
324,7.924422104793e+03,3.034259029352e+04,3.826701239831e+04,5.679790217845e+01
325,6.386468124181e+02,7.262739129524e+04,7.326603810766e+04,4.564333218398e+01
329,1.194898481850e+03,5.350892209899e+04,5.470382058084e+04,5.169061359608e+01
330,1.681220550485e+04,4.401144057236e+04,6.082364607721e+04,5.336050254989e+01
332,7.692102768088e+02,4.448254233312e+04,4.525175260993e+04,5.385198274425e+01
333,9.921414787308e+02,2.990912993694e+04,3.090127141567e+04,5.985813889754e+01
336,9.554188576830e+02,7.073957911048e+04,7.169499796816e+04,4.690342992308e+01
337,9.608903597864e+02,7.517540589276e+04,7.613629625254e+04,4.657811010345e+01
338,9.213015467431e+02,4.943264210319e+04,5.035394364993e+04,5.200882451514e+01
339,1.599569053121e+03,6.524863436926e+04,6.684820342238e+04,4.874896954273e+01
341,1.044024325365e+03,5.804942146011e+04,5.909344578547e+04,4.878293586380e+01
342,9.378314692512e+03,9.736392298117e+04,1.067422376737e+05,4.083800217113e+01
345,3.051329265302e+03,5.139699316076e+04,5.444832242606e+04,5.044460388095e+01
349,4.101967017669e+02,9.121632229965e+04,9.162651900142e+04,4.374762024471e+01
353,1.514300611030e+02,4.482989811928e+04,4.498132818038e+04,5.260459963293e+01
354,1.268225400345e+02,5.590284563279e+04,5.602966817282e+04,5.068820681606e+01
355,1.770109075946e+03,7.563653364388e+03,9.333762440334e+03,7.538253864238e+01
359,2.958728984338e+03,7.709518053981e+04,8.005390952414e+04,4.657788910600e+01
360,3.574355236913e+03,1.094441559195e+05,1.130185111564e+05,3.955824779834e+01
361,2.540727000794e+01,2.751801943855e+04,2.754342670856e+04,6.087503658532e+01
362,1.347419395867e+04,9.625889519063e+04,1.097330891493e+05,4.129761437707e+01
363,1.102036522922e+03,9.946259905806e+04,1.005646355810e+05,4.241684113772e+01
364,1.671435774350e+03,7.603522013309e+04,7.770665590744e+04,4.699470080060e+01
365,4.519647294645e+03,1.288957150693e+04,1.740921880157e+04,6.598737275224e+01
366,1.425253204478e+03,2.494957573732e+04,2.637482894180e+04,5.958799855494e+01
367,9.877747132600e+02,7.335010929352e+04,7.433788400678e+04,4.633884435885e+01
368,4.242907090278e+03,4.643617876111e+04,5.067908585139e+04,5.090223659992e+01
370,1.901825528870e+03,6.476690428320e+04,6.666872981207e+04,4.781964571216e+01
372,5.239664867006e+02,6.226312223758e+04,6.278708872428e+04,4.828524180478e+01
377,4.846822251406e+03,4.716277895325e+04,5.200960120465e+04,5.098444486590e+01
379,4.445212038784e+03,6.281558008471e+04,6.726079212349e+04,5.046359201705e+01
381,3.645559439399e+03,6.306654590358e+04,6.671210534298e+04,4.884945949916e+01
382,2.465940636979e+03,5.965401840424e+04,6.211995904122e+04,4.921789185636e+01
385,1.740625889546e+03,6.782346507189e+04,6.956409096143e+04,4.701433875616e+01
386,3.357607782838e+03,4.672005077305e+04,5.007765855588e+04,5.295683109116e+01
388,3.214613585214e+03,7.165717759797e+04,7.487179118319e+04,4.621362936524e+01
390,1.546616739231e+02,5.306138706858e+04,5.321604874251e+04,5.089431585214e+01
391,3.521294152054e+03,1.288953250811e+04,1.641082666017e+04,6.470365607083e+01
392,7.731730707183e+03,4.592288856953e+04,5.365461927672e+04,5.431875710497e+01
393,1.526244742810e+04,1.937837405901e+04,3.464082148711e+04,5.916369186705e+01
395,2.341112168358e+03,6.780151436825e+04,7.014262653660e+04,4.732432187089e+01
396,5.937871161026e+02,1.016340676436e+05,1.022278547597e+05,4.137964587932e+01
397,3.661591693350e+01,5.472394271743e+04,5.476055863437e+04,5.237290919437e+01
400,1.091227110481e+04,4.101012351444e+04,5.192239461925e+04,5.737715689603e+01
402,7.482926312168e+02,6.860253034297e+04,6.935082297419e+04,4.785803833941e+01
405,7.936303207741e+02,5.804705001441e+04,5.884068033518e+04,4.978398150914e+01
406,1.223836331988e+03,9.119751283528e+04,9.242134916727e+04,4.323006959408e+01
409,3.559837444452e+03,5.450742013824e+04,5.806725758269e+04,5.000975946693e+01
410,6.327683239767e+02,5.960596965352e+04,6.023873797750e+04,4.971269858157e+01
411,1.713867757709e+03,5.641923944452e+04,5.813310720223e+04,5.047242764991e+01
412,9.672988548656e+03,5.331729794806e+04,6.299028649672e+04,5.181455205298e+01
414,1.018018546702e+04,6.089885896598e+04,7.107904443301e+04,4.759870346605e+01
415,2.248536233962e+03,9.867779422738e+04,1.009263304613e+05,4.232402326173e+01
416,7.101286916701e+02,6.247314764225e+04,6.318327633392e+04,4.985065368114e+01
418,1.665264952313e+03,5.155892230971e+04,5.322418726203e+04,5.082206312606e+01
419,2.907232073723e+04,3.999639503068e+04,6.906871576791e+04,5.512822499582e+01
421,6.873910543141e+02,8.174727328622e+04,8.243466434054e+04,4.429260837250e+01
423,9.495452393464e+02,4.943256865531e+04,5.038211389466e+04,5.206581046732e+01
425,8.752429470900e+02,6.540791819095e+04,6.628316113804e+04,4.716123839613e+01
426,1.363513741049e+03,9.103630942799e+04,9.239982316904e+04,4.242084472860e+01
427,1.307217803712e+02,9.795045540250e+04,9.808117718287e+04,4.144360614999e+01
428,1.255263085447e+03,1.929412129835e+04,2.054938438380e+04,6.378027743106e+01
429,3.809798251318e+03,6.986631157981e+04,7.367610983113e+04,4.750699367735e+01
432,1.128047705374e+03,8.368844759696e+04,8.481649530233e+04,4.451634625800e+01
433,1.978288462179e+03,6.621269911751e+04,6.819098757969e+04,4.714201757945e+01
434,6.106186654050e+03,5.372165804895e+04,5.982784470300e+04,4.931326795439e+01
436,7.041540881804e+01,3.599341848882e+04,3.606383389764e+04,5.760001261886e+01
437,5.402379634456e+03,4.438535753313e+04,4.978773716759e+04,5.553744096550e+01
438,4.979756447361e+03,6.302335918111e+04,6.800311562847e+04,4.754466083802e+01
439,6.599038609773e+02,6.165744909762e+04,6.231735295860e+04,4.816630998823e+01
441,4.186692166715e+02,1.130714309145e+05,1.134901001311e+05,3.981503389164e+01
442,5.003492067275e+01,9.410115533872e+04,9.415119025939e+04,4.306948504703e+01
444,6.801012555054e+03,6.871130095427e+04,7.551231350933e+04,4.803210046569e+01
445,1.286856604877e+03,7.317764601438e+04,7.446450261925e+04,4.641729495044e+01
446,4.168650705350e+03,6.914124483045e+04,7.330989553580e+04,4.604462802810e+01
447,1.736152094332e+04,2.741827677115e+04,4.477979771447e+04,5.362939322828e+01
448,1.582890693594e+03,5.296957155115e+04,5.455246224474e+04,5.082912142203e+01
450,9.698198552382e+02,8.591072524929e+04,8.688054510453e+04,4.472968082415e+01
452,3.793345434567e+02,7.389410980325e+04,7.427344434671e+04,4.648797536944e+01
454,3.602543778747e+03,2.261019786894e+04,2.621274164769e+04,6.239818618017e+01
455,1.505090076474e+03,6.780747845187e+04,6.931256852835e+04,4.934957924661e+01
456,8.069037455379e+01,7.850129872724e+04,7.858198910179e+04,4.466549236476e+01
458,2.609934458539e+03,1.049260397336e+05,1.075359741922e+05,4.064010884617e+01
463,1.678129095923e+02,6.557442194507e+04,6.574223485466e+04,4.831868090177e+01
466,1.549708314827e+03,5.895206479389e+04,6.050177310872e+04,4.934215171257e+01
470,9.453935126251e+03,5.784385337784e+04,6.729778850409e+04,4.872920658004e+01
471,1.313191632190e+03,8.437694733993e+04,8.569013897212e+04,4.374554578320e+01
472,4.822583788275e+03,7.536447584968e+04,8.018705963795e+04,4.584735753242e+01
473,1.727530157227e+03,7.213555746492e+04,7.386308762215e+04,4.708967086562e+01
475,1.199844763912e+03,5.072833681564e+04,5.192818157955e+04,5.235490309812e+01
476,1.920309992741e+02,7.174308797093e+04,7.193511897020e+04,4.625109222626e+01
489,2.366292692558e+03,5.676607906934e+04,5.913237176190e+04,4.892422434190e+01
495,8.230659415938e+02,8.917585094830e+04,8.999891688989e+04,4.367450121276e+01
499,2.966610065675e+03,8.285818524692e+04,8.582479531260e+04,4.375965708579e+01
501,2.193279969035e+03,5.976633453282e+04,6.195961450186e+04,5.027710394239e+01
502,3.314258967575e+03,4.191277291461e+04,4.522703188219e+04,5.469015506975e+01
503,1.173828599199e+03,1.053728312327e+05,1.065466598319e+05,4.034351924034e+01
505,2.231468304796e+03,3.422345796687e+04,3.645492627167e+04,5.529417105002e+01
506,2.560789788039e+03,4.546469161860e+04,4.802548140664e+04,5.546104870972e+01
508,1.068567951082e+02,7.610034088100e+04,7.620719767611e+04,4.594847921935e+01
510,2.674679686417e+03,6.984410439836e+04,7.251878408478e+04,4.737251706856e+01
514,4.046887970483e+02,4.006226018944e+04,4.046694898649e+04,5.604751484679e+01
523,4.357796221679e+02,3.224013841025e+04,3.267591803242e+04,6.025350414493e+01
524,2.803133926912e+02,4.437214068340e+04,4.465245407609e+04,5.382445637909e+01
526,2.470721247691e+03,3.763494575417e+04,4.010566700186e+04,5.807877236140e+01
527,6.443380909829e+01,9.829629227388e+04,9.836072608298e+04,4.175771525492e+01
528,3.166039494068e+03,7.128420652767e+04,7.445024602174e+04,4.662490511429e+01
529,2.957571092319e+02,1.219659474582e+05,1.222617045675e+05,3.863082967401e+01
530,4.935200782694e+01,6.378882646847e+04,6.383817847630e+04,4.833501081279e+01
531,1.317443545032e+03,7.623172525804e+04,7.754916880307e+04,4.616615383110e+01
532,6.085268839334e+03,6.893360164661e+04,7.501887048595e+04,4.708213759796e+01
533,1.602899900188e+03,2.805034196927e+04,2.965324186945e+04,5.800758890750e+01
534,2.533648214789e+03,5.592547239787e+04,5.845912061266e+04,5.118347029876e+01
535,7.188330538004e+01,8.995223477507e+04,9.002411808045e+04,4.334234374006e+01
536,5.891164260382e+02,7.077764797284e+04,7.136676439888e+04,4.655455509138e+01
537,7.317687987876e+01,4.074995966253e+04,4.082313654241e+04,5.466766342907e+01
538,2.442573363230e+03,7.562974482491e+04,7.807231818814e+04,4.654922513862e+01
539,4.689207346398e+03,3.688719026166e+04,4.157639760806e+04,5.559276463257e+01
540,4.130697583028e+02,8.122792379073e+04,8.164099354903e+04,4.433585080607e+01
543,2.470496253056e+03,7.132003189896e+04,7.379052815201e+04,4.582170613494e+01
544,3.384308731884e+03,8.704995585754e+04,9.043426458942e+04,4.382648989940e+01
546,4.971969148521e+03,7.357419361039e+04,7.854616275891e+04,4.681464200241e+01
550,3.174349682554e+03,9.384478391339e+04,9.701913359594e+04,4.341817352006e+01
556,4.709903792534e+03,8.391414876182e+04,8.862405255435e+04,4.453977248104e+01
557,9.151081952628e+03,7.972456001528e+04,8.887564196791e+04,4.410703365352e+01
560,1.692499239793e+03,4.467069001041e+04,4.636318925020e+04,5.318835865863e+01
561,4.834954939396e+03,6.191002342386e+04,6.674497836326e+04,4.797698193825e+01
563,1.853251731686e+03,4.827472549871e+04,5.012797723039e+04,5.265068513953e+01
564,2.034266073059e+04,3.686872729319e+04,5.721138802378e+04,5.102577688994e+01
569,6.753786955758e+02,5.096558444691e+04,5.164096314249e+04,5.235864277778e+01
570,1.062467410881e+03,5.635548004199e+04,5.741794745287e+04,5.179303975869e+01
572,2.551670363543e+02,6.803256697199e+04,6.828773400834e+04,4.819295591477e+01
575,2.222310290317e+03,7.673527600228e+04,7.895758629260e+04,4.613123942451e+01
576,3.819974602788e+03,7.491675012030e+04,7.873672472309e+04,4.652757715230e+01
577,1.878020679923e+02,3.589775757442e+04,3.608555964241e+04,5.611163367768e+01
580,1.267366360027e+04,7.384260171107e+04,8.651626531134e+04,4.710980633044e+01
581,5.058261405952e+03,8.702502558571e+04,9.208328699166e+04,4.341527599606e+01
584,1.496965168836e+03,4.919665127147e+04,5.069361644031e+04,5.267862174892e+01
586,3.982003477500e+02,9.949744716567e+04,9.989564751342e+04,4.130556641269e+01
588,6.837976826154e+03,5.632676651658e+04,6.316474334274e+04,5.145547787240e+01
590,5.077847202385e+03,8.272332434615e+04,8.780117154853e+04,4.574792950485e+01
591,3.140616313723e+03,4.519073101653e+04,4.833134733026e+04,5.430435103187e+01
593,2.384691093779e+03,8.237498096252e+04,8.475967205630e+04,4.417613117464e+01
595,1.094104670202e+03,6.537772207389e+04,6.647182674409e+04,4.824128653582e+01
599,2.815579553064e+03,7.084675356519e+04,7.366233311825e+04,4.752869983760e+01
600,3.368760335891e+02,8.834348002686e+04,8.868035606045e+04,4.305229643614e+01
601,2.653587744562e+02,6.913507687270e+04,6.940043564715e+04,4.718987011216e+01
602,2.245972773240e+03,5.350491532642e+04,5.575088809966e+04,5.052738113666e+01
605,9.629798856518e+02,4.481581808562e+04,4.577879797127e+04,5.307293942145e+01
610,6.782027464695e+01,7.365509193008e+04,7.372291220473e+04,4.694479316545e+01
611,1.917427437595e+03,8.880494605349e+04,9.072237349108e+04,4.336043177201e+01
612,3.153667398567e+02,5.170489323448e+04,5.202025997433e+04,5.190375416160e+01
613,3.930505905809e+02,2.788055788685e+04,2.827360847743e+04,5.929500410564e+01
614,1.302531052669e+03,9.033751939832e+04,9.164005045099e+04,4.353221379111e+01
615,1.588446724393e+03,1.088498319221e+05,1.104382786465e+05,3.997966933417e+01
616,3.342900288002e+03,7.850159541003e+04,8.184449569803e+04,4.576417698349e+01
619,2.956617205116e+03,4.234122904059e+04,4.529784624570e+04,5.323985042121e+01
621,1.202636108557e+03,6.954513689582e+04,7.074777300438e+04,4.703208573288e+01
622,1.509068801930e+04,4.746967185273e+04,6.256035987203e+04,5.153452368134e+01
626,1.002818731008e+03,6.165096212400e+04,6.265378085501e+04,4.718317637462e+01
629,7.208106145182e+02,8.569746763848e+04,8.641827825300e+04,4.364059601453e+01
632,8.796641032585e+02,1.260287278203e+05,1.269083919236e+05,3.797735602924e+01
634,8.862967094925e+02,9.190663090915e+04,9.279292761864e+04,4.288865944462e+01
635,4.373661393251e+01,9.008221565020e+04,9.012595226413e+04,4.346940486025e+01
637,7.869767185572e+02,2.290381492605e+04,2.369079164460e+04,6.547734689313e+01
639,8.437861277419e+02,6.442062877302e+04,6.526441490076e+04,4.762470090988e+01
641,2.127893245184e+03,7.422946181032e+04,7.635735505551e+04,4.552450937192e+01
644,1.172846420710e+03,5.483105271314e+04,5.600389913385e+04,5.102875892828e+01
647,4.268735710274e+02,7.830296235628e+04,7.872983592731e+04,4.559126579687e+01
648,4.278281901968e+03,4.508733054565e+04,4.936561244762e+04,5.449748777420e+01
651,6.492690057017e+02,7.218160146531e+04,7.283087047101e+04,4.638204811938e+01
652,2.595564182411e+03,5.386954916641e+04,5.646511334882e+04,5.187317417081e+01
654,2.742176082542e+03,5.640330881273e+04,5.914548489527e+04,5.004031628776e+01
658,1.502915378678e+02,5.050449321772e+04,5.065478475559e+04,5.288446482390e+01
662,4.855041867783e+02,7.637023296154e+04,7.685573714832e+04,4.529557277194e+01
666,8.136839116491e+02,9.210000737494e+04,9.291369128659e+04,4.366872372397e+01
667,5.207701703912e+02,5.432489232746e+04,5.484566249785e+04,5.084536116564e+01
668,4.445289140429e+03,4.041657852623e+04,4.486186766666e+04,5.519352696945e+01
669,1.101488933141e+02,7.460318571753e+04,7.471333461084e+04,4.721947081280e+01
670,1.582835721127e+03,2.270265000697e+04,2.428548572810e+04,6.424054777862e+01
672,3.505549446954e+03,6.222939311391e+04,6.573494256087e+04,4.870469139069e+01
673,2.374030873686e+03,8.065452471033e+04,8.302855558402e+04,4.598311349613e+01
676,3.757600320590e+03,2.572037257220e+04,2.947797289279e+04,5.983134493206e+01
681,4.763024355888e+03,3.588525664507e+04,4.064828100096e+04,5.502097785257e+01
685,2.922737677445e+02,5.704250370512e+04,5.733477747286e+04,4.962417595995e+01
687,1.039079296522e+03,4.619411075890e+04,4.723319005542e+04,5.149022702406e+01
690,3.453832443589e+02,4.009677966631e+04,4.044216291067e+04,5.481223263028e+01
694,4.312010671958e+03,1.061761883157e+05,1.104881989876e+05,4.090836447020e+01
696,2.702365735885e+03,5.811243901154e+04,6.081480474743e+04,5.046178829381e+01
697,5.920218803512e+02,8.090381322850e+04,8.149583510885e+04,4.455970540727e+01
699,1.846698168102e+03,7.708768788134e+04,7.893438604944e+04,4.639160298620e+01
700,4.699685304598e+02,5.192123409248e+04,5.239120262294e+04,5.114213593017e+01
702,1.443015354119e+03,7.406859229740e+04,7.551160765152e+04,4.562018552966e+01
704,1.514012392820e+04,5.707370026859e+04,7.221382419679e+04,4.623329948792e+01
705,3.087877637001e+03,1.029204959317e+05,1.060083735687e+05,4.112032559045e+01
707,8.655952226963e+02,1.068091647189e+05,1.076747599416e+05,4.014756434216e+01
708,1.409146676011e+03,8.351938499211e+04,8.492853166812e+04,4.342329021247e+01
710,1.455032479542e+01,1.075744382454e+05,1.075889885702e+05,4.060220772592e+01
712,5.196340765419e+03,5.020922206461e+04,5.540556283003e+04,5.060568257186e+01
714,2.092245837658e+04,4.936519441881e+04,7.028765279539e+04,4.693424855065e+01
715,3.802957978523e+03,7.905780889849e+04,8.286076687701e+04,4.510237212403e+01
717,5.121315866738e+02,7.207572520846e+04,7.258785679514e+04,4.739215679237e+01
719,2.671160948198e+03,3.733534213839e+04,4.000650308659e+04,5.528885201997e+01
722,2.310112013209e+03,8.968590094151e+04,9.199601295472e+04,4.318094354162e+01
723,6.759171603738e+03,5.115339940812e+04,5.791257101186e+04,5.042965385664e+01
724,4.598485595859e+03,6.281666289371e+04,6.741514848956e+04,4.746099057645e+01
725,4.167952230535e+03,4.680578480759e+04,5.097373703812e+04,5.314603285943e+01
726,9.275366824308e+01,5.190884012989e+04,5.200159379813e+04,5.210794547140e+01
727,8.749434732603e+03,6.140589401391e+04,7.015532874652e+04,4.717850611452e+01
728,8.037926526779e+02,4.498502756576e+04,4.578882021844e+04,5.277113595838e+01
730,3.766527912779e+03,5.727380390469e+04,6.104033181746e+04,4.926170608475e+01
734,1.046866968106e+03,2.914555726451e+04,3.019242423262e+04,6.055356619540e+01
735,1.282314708483e+03,6.233522144407e+04,6.361753615256e+04,4.780107587580e+01
737,2.254134386574e+03,2.998574755790e+04,3.223988194447e+04,5.852115599431e+01
740,8.420250222613e+03,6.958782032214e+04,7.800807054475e+04,4.717171590848e+01
741,3.270260239470e+03,4.532948322056e+04,4.859974346003e+04,5.347004235620e+01
743,2.207335972373e+02,3.823815344978e+04,3.845888704702e+04,5.582319455662e+01
744,2.467563026014e+03,8.178855187181e+04,8.425611489783e+04,4.488314371523e+01
745,6.665404053126e+02,7.663125158116e+04,7.729779198648e+04,4.586724630475e+01
746,4.763405485787e+02,9.483886096261e+04,9.531520151119e+04,4.285412695440e+01
747,2.357754294117e+03,8.479141259314e+04,8.714916688725e+04,4.314253222450e+01
748,7.136598455203e+03,2.768797013668e+04,3.482456859188e+04,5.792572061760e+01
750,3.100447768002e+02,4.674173243043e+04,4.705177720723e+04,5.319808975791e+01
751,9.824262036084e+03,7.970667598421e+04,8.953093802029e+04,4.688659473721e+01
752,4.862782271646e+02,4.174883258491e+04,4.223511081207e+04,5.269151120993e+01
753,1.023491679878e+02,4.141059009884e+04,4.151293926683e+04,5.487920898105e+01
755,4.210715609681e+02,9.368224542295e+04,9.410331698392e+04,4.119495499202e+01
756,1.828356460598e+03,5.802314063149e+04,5.985149709208e+04,5.001262843333e+01
757,1.286284343264e+03,3.818184550261e+04,3.946812984587e+04,5.433795148023e+01
759,8.407318559214e+03,9.829083403832e+04,1.066981525975e+05,4.139783000594e+01
760,3.743440682512e+03,2.830690020864e+04,3.205034089115e+04,5.915412056850e+01
761,1.107394862049e+03,7.707914287796e+04,7.818653774001e+04,4.594898702318e+01
763,6.956393533383e+01,6.549032405488e+04,6.555988799022e+04,4.824399852816e+01
764,1.225106848736e+04,6.514932192913e+04,7.740039041649e+04,4.583418950958e+01
767,3.385971523522e+03,9.521137002512e+04,9.859734154864e+04,4.264789008744e+01
771,4.067710240325e+02,5.416869996530e+04,5.457547098933e+04,5.019528749259e+01
772,4.186321591669e+03,6.375577929824e+04,6.794210088991e+04,4.768780544215e+01
774,3.846351171367e+03,4.990235748583e+04,5.374870865720e+04,5.211797836834e+01
775,2.686977405844e+04,3.819191618442e+04,6.506169024287e+04,5.110870170075e+01
776,3.283997405492e+02,3.524789948238e+04,3.557629922293e+04,5.474223152065e+01
777,3.735188928464e+01,7.932008176637e+04,7.935743365566e+04,4.494881715773e+01
783,1.372761856457e+03,5.414739857382e+04,5.552016043028e+04,4.987812865327e+01
788,4.510646062956e+03,7.425487380920e+03,1.193613344388e+04,7.323728338678e+01
789,3.424250396762e+03,7.358820331934e+04,7.701245371610e+04,4.635544482969e+01
790,3.821604867322e+03,7.406855124128e+04,7.789015610860e+04,4.674556363005e+01
795,9.600580692300e+03,6.784094545389e+04,7.744152614619e+04,4.759539270398e+01
799,2.730998866370e+01,9.574735708900e+04,9.577466707766e+04,4.254904740306e+01
800,4.581990989440e+02,6.439501192118e+04,6.485321102013e+04,4.848330264785e+01
802,8.741341548648e+03,5.221615636782e+04,6.095749791647e+04,4.943588833037e+01
803,1.371447218004e+04,1.730068397273e+04,3.101515615277e+04,6.233524006358e+01
804,8.208871668888e+03,5.970109071150e+04,6.790996238039e+04,4.854108768948e+01
805,9.212624048717e+01,5.467910766333e+04,5.477123390381e+04,5.157972809600e+01
806,4.377455273235e+02,7.540900426146e+04,7.584674978878e+04,4.655620846157e+01
814,1.865498493284e+03,9.007942974072e+04,9.194492823401e+04,4.297427546342e+01
817,4.487657498725e+01,2.229104899368e+04,2.233592556866e+04,6.290228580051e+01
819,4.592194036892e+02,6.934758626684e+04,6.980680567053e+04,4.650310464471e+01
820,5.127385952201e+03,7.453069917103e+04,7.965808512323e+04,4.649545033252e+01
821,8.209677952529e+02,3.522805016446e+04,3.604901795972e+04,5.745075894675e+01
824,2.244858728400e+04,7.328139879276e+04,9.572998607676e+04,4.231541997827e+01
825,5.940208866293e+02,7.267065556414e+04,7.326467645077e+04,4.620394263303e+01
826,4.898481813559e+03,3.861007326462e+04,4.350855507818e+04,5.484097007366e+01
827,1.021321369723e+03,9.977144494523e+04,1.007927663150e+05,4.183990201943e+01
829,3.447791712533e+03,1.199625429867e+05,1.234103346992e+05,3.875114186423e+01
833,2.913264679012e+03,7.941850738331e+04,8.233177206232e+04,4.515473388702e+01
834,1.053908393491e+02,9.332865440009e+04,9.343404523944e+04,4.273126891724e+01
835,7.766948528172e+02,9.296624510898e+04,9.374293996180e+04,4.186760903597e+01
836,2.877631840068e+02,6.873085921200e+04,6.901862239600e+04,4.698843800782e+01
837,7.171922809810e+02,6.989371881325e+04,7.061091109423e+04,4.734120599922e+01
838,3.688056624110e+03,2.407409487410e+04,2.776215149821e+04,6.069811097522e+01
842,1.534023149913e+03,3.442927926665e+04,3.596330241656e+04,5.834356959412e+01
846,5.353628377017e+02,5.756367662390e+04,5.809903946161e+04,5.036139292618e+01
847,5.870163888732e+01,7.526668709965e+04,7.532538873854e+04,4.647084117699e+01
850,1.514721892761e+02,2.899400612729e+04,2.914547831656e+04,5.707976933636e+01
853,7.473150515727e+01,9.555510207903e+04,9.562983358419e+04,4.262260105049e+01
854,4.286777453063e+03,5.622386355752e+04,6.051064101059e+04,4.976737215510e+01
855,2.192451414613e+03,6.503414839011e+04,6.722659980473e+04,4.854305937406e+01
859,1.022185736712e+03,5.625035409964e+04,5.727253983635e+04,5.048684688840e+01
861,2.431868412564e+02,7.091588975970e+04,7.115907660095e+04,4.681890434230e+01
862,1.143255646849e+03,1.992496326126e+04,2.106821890811e+04,6.698137449211e+01
867,5.639943891466e+03,5.629413017186e+03,1.126935690865e+04,7.325097174092e+01
868,9.532481732976e+02,5.265291363182e+04,5.360616180511e+04,5.170489400084e+01
871,4.912689665274e+02,4.638441995017e+04,4.687568891670e+04,5.267779107122e+01
875,2.564727194680e+03,8.059506882407e+04,8.315979601875e+04,4.449782836928e+01
877,7.272752948900e+02,1.876740574195e+04,1.949468103684e+04,6.708941190255e+01
878,1.960140772933e+03,9.108372141135e+04,9.304386218428e+04,4.290500566020e+01
880,1.484750227830e+03,6.550652695318e+04,6.699127718101e+04,4.776758758118e+01
881,5.615011030310e+03,7.344060460002e+04,7.905561563033e+04,4.649023316779e+01
883,2.003073279004e+02,1.194951338418e+05,1.196954411697e+05,3.894515065851e+01
884,4.055615802358e+03,3.041474227965e+04,3.447035808201e+04,6.024043656435e+01
886,3.154097691708e+02,1.184064238704e+05,1.187218336396e+05,3.858819069698e+01
889,2.569046713455e+03,6.237201747091e+04,6.494106418437e+04,4.918261999532e+01
891,5.311998756837e+03,3.742755221682e+04,4.273955097366e+04,5.380621924503e+01
895,1.806718702158e+02,3.742494644784e+04,3.760561831806e+04,5.711852411996e+01
897,7.460502245985e+02,8.724363230669e+04,8.798968253128e+04,4.393866877676e+01
900,1.729725881861e+03,6.452760444161e+04,6.625733032347e+04,4.762715889812e+01
901,1.052757201696e+03,3.950644052100e+04,4.055919772269e+04,5.518366648427e+01
903,2.911585671139e+01,9.999717642790e+04,1.000262922846e+05,4.189677337263e+01
904,8.193547026324e+02,7.578886399958e+04,7.660821870221e+04,4.561786419777e+01
906,9.465972777847e+02,7.968043235127e+04,8.062702962906e+04,4.444351012060e+01
907,9.366856504756e+01,8.404431645843e+04,8.413798502348e+04,4.575843579367e+01
908,3.551036909929e+02,6.937160557998e+04,6.972670927097e+04,4.731665116997e+01
910,5.153762106333e+03,8.675839180138e+04,9.191215390772e+04,4.346637737624e+01
911,2.909801498737e+03,3.578150113705e+04,3.869130263579e+04,5.615145101449e+01
912,1.002426123055e+03,9.595936028352e+04,9.696178640658e+04,4.259391778437e+01
913,5.994213184120e+03,5.979331934515e+04,6.578753252927e+04,4.964670640588e+01
914,3.270987111690e+03,8.762367326016e+04,9.089466037185e+04,4.266711621218e+01
915,2.286014089643e+03,4.274760795660e+04,4.503362204624e+04,5.446111805898e+01
917,1.448404011476e+02,3.798656551073e+04,3.813140591188e+04,5.655317613419e+01
919,3.289548910558e+02,7.716859831899e+04,7.749755321005e+04,4.529750260475e+01
920,5.120670779136e+02,4.217666255581e+04,4.268872963373e+04,5.470377663056e+01
921,1.337064389986e+04,8.741590414352e+04,1.007865480434e+05,4.474717749056e+01
923,1.682591493808e+03,6.115531776790e+04,6.283790926170e+04,4.844615714184e+01
924,7.480942078281e+03,5.181465113106e+04,5.929559320935e+04,5.228635071663e+01
925,8.640628532831e+03,5.864175913616e+04,6.728238766900e+04,4.963243572565e+01
926,2.257937994621e+03,9.727220164079e+04,9.953013963541e+04,4.156866360227e+01
928,6.352875613721e+03,7.462748425198e+04,8.098035986570e+04,4.574428737193e+01
929,5.407689446537e+03,5.661554287829e+04,6.202323232483e+04,4.893383609458e+01
930,4.673148192600e+02,3.063949021357e+04,3.110680503283e+04,5.661691684148e+01
932,1.669956249561e+03,4.903787878892e+04,5.070783503848e+04,5.258772522459e+01
935,1.659402118189e+03,6.361112452941e+04,6.527052664760e+04,4.978903736056e+01
936,1.106293655340e+03,3.893840221338e+04,4.004469586872e+04,5.865340920471e+01
937,6.972059058616e+03,7.210407149494e+04,7.907613055355e+04,4.716338056723e+01
938,2.753087529123e+03,3.252098198543e+04,3.527406951456e+04,5.893865897871e+01
942,5.011428543465e+03,6.128265681636e+04,6.629408535983e+04,4.909418633395e+01
956,2.982144233795e+03,6.213912553992e+04,6.512126977371e+04,4.905145527611e+01
957,2.459086381875e+02,4.192528953474e+04,4.217119817293e+04,5.493511323307e+01
959,1.861551432203e+03,6.548368505766e+04,6.734523648986e+04,4.672022455106e+01
960,1.624267398837e+03,5.920707043691e+04,6.083133783575e+04,4.991790884389e+01
961,4.899067146187e+02,2.429145614084e+04,2.478136285546e+04,6.136688600164e+01
964,2.340711778218e+03,5.668036285986e+04,5.902107463808e+04,4.971000643095e+01
965,4.819271032903e+03,4.887507618249e+04,5.369434721539e+04,5.242041354145e+01
970,1.109275683935e+03,5.862433865224e+04,5.973361433617e+04,5.039373961337e+01
971,3.309223382741e+03,5.038166199051e+04,5.369088537325e+04,5.218284653913e+01
973,6.370900980905e+02,4.804545790102e+04,4.868254799911e+04,5.101836392273e+01
976,2.068954893270e+03,3.574308089212e+04,3.781203578539e+04,5.648471295377e+01
977,9.095859171330e+02,3.127451934384e+04,3.218410526098e+04,5.849374157335e+01
980,2.374614203338e+03,4.749818651026e+04,4.987280071360e+04,5.283223958122e+01
983,2.070022084214e+02,1.219116385528e+04,1.239816606371e+04,7.174205247868e+01
984,5.693433832585e+03,5.451721766570e+04,6.021065149828e+04,5.143136495799e+01
987,1.423888626678e+03,3.023888989779e+04,3.166277852447e+04,5.887245452351e+01
988,2.292011757161e+04,3.761415645969e+04,6.053427403131e+04,5.167618902041e+01
990,2.660994295742e+02,1.777411317856e+04,1.804021260813e+04,6.672570244225e+01
991,1.030869159901e+03,5.526115988147e+04,5.629202904137e+04,5.117281496369e+01
992,1.302593576501e+03,9.838386612331e+04,9.968645969981e+04,4.183988094843e+01
995,2.657042487220e+03,6.848109045281e+04,7.113813294003e+04,4.849287808930e+01
996,8.271833394196e+03,6.494409587530e+04,7.321592926950e+04,4.820609255111e+01
999,5.605033396017e+02,1.193042126986e+05,1.198647160382e+05,3.912461220194e+01
