E_eV,target_n_1_per_m3,actual_n_1_per_m3,dEdx_eV_per_m,SN_eV_m2,dEdx_ratio_to_reference,expected_ratio_from_actual_n,SN_ratio_to_reference
1.000000000000e+03,1.000000000000e+21,1.000000000000e+21,8.431107762959e+01,8.431107762959e-20,1.000000000000e-01,1.000000000000e-01,1.000000000000e+00
1.000000000000e+03,1.000000000000e+22,1.000000000000e+22,8.431107762959e+02,8.431107762959e-20,1.000000000000e+00,1.000000000000e+00,1.000000000000e+00
1.000000000000e+03,1.000000000000e+23,1.000000000000e+23,8.431107762959e+03,8.431107762959e-20,1.000000000000e+01,1.000000000000e+01,1.000000000000e+00
1.000000000000e+04,1.000000000000e+21,1.000000000000e+21,8.491389614494e+02,8.491389614494e-19,1.000000000000e-01,1.000000000000e-01,1.000000000000e+00
1.000000000000e+04,1.000000000000e+22,1.000000000000e+22,8.491389614494e+03,8.491389614494e-19,1.000000000000e+00,1.000000000000e+00,1.000000000000e+00
1.000000000000e+04,1.000000000000e+23,1.000000000000e+23,8.491389614494e+04,8.491389614494e-19,1.000000000000e+01,1.000000000000e+01,1.000000000000e+00
1.000000000000e+05,1.000000000000e+21,1.000000000000e+21,6.159198335543e+02,6.159198335543e-19,1.000000000000e-01,1.000000000000e-01,1.000000000000e+00
1.000000000000e+05,1.000000000000e+22,1.000000000000e+22,6.159198335543e+03,6.159198335543e-19,1.000000000000e+00,1.000000000000e+00,1.000000000000e+00
1.000000000000e+05,1.000000000000e+23,1.000000000000e+23,6.159198335543e+04,6.159198335543e-19,1.000000000000e+01,1.000000000000e+01,1.000000000000e+00
